p_val,avg_log2FC,pct.1,pct.2,p_val_adj,cluster,gene
1.40297285955864e-50,0.361346852360799,0.99,0.966,2.80594571911728e-47,Type1,Man1a2
1.24971056466896e-48,0.369203331137254,0.946,0.871,2.49942112933793e-45,Type1,Kcnk2
3.51266491311998e-45,0.383377679330268,0.993,0.96,7.02532982623997e-42,Type1,Akap13
5.90595629934374e-43,0.289756869772947,0.995,0.959,1.18119125986875e-39,Type1,Stxbp5l
2.19072757013786e-42,0.357663678943179,0.967,0.904,4.38145514027573e-39,Type1,Ptpn5
9.40371076844392e-42,0.279803667187666,0.997,0.968,1.88074215368878e-38,Type1,Ptprd
1.74351891258138e-41,0.36196996796689,0.994,0.959,3.48703782516277e-38,Type1,Asph
5.49740808656893e-34,0.312653533773096,0.991,0.979,1.09948161731379e-30,Type1,Nebl
1.34868205403941e-32,0.344195441454906,0.856,0.689,2.69736410807882e-29,Type1,Amigo2
2.82896457926634e-32,0.357411888950607,0.983,0.964,5.65792915853268e-29,Type1,Sms
2.58549590998296e-30,0.371159419861593,0.923,0.823,5.17099181996591e-27,Type1,Pygo1
1.77433221317424e-25,0.409385031997328,0.95,0.911,3.54866442634848e-22,Type1,Sox5
1.15445300543588e-23,0.25352780467308,0.904,0.826,2.30890601087176e-20,Type1,Zdhhc23
1.89492752174548e-23,0.256274129647335,0.986,0.938,3.78985504349096e-20,Type1,Srgap2
4.45033155410165e-23,0.271761319438878,0.932,0.856,8.90066310820331e-20,Type1,Rap2b
2.42138029737437e-18,0.280229228948456,0.769,0.651,4.84276059474873e-15,Type1,Pycr2
4.01725777946081e-15,0.253441630571953,0.948,0.886,8.03451555892162e-12,Type1,Ablim1
8.98765480838665e-08,0.25942271301601,0.944,0.908,0.000179753096167733,Type1,Pkp2
2.31806247894386e-07,0.278873082194911,0.716,0.639,0.000463612495788772,Type1,mt-Cytb
0.00296869694209126,0.309536972114653,0.728,0.711,1,Type1,mt-Co3
2.11209664693695e-187,0.581378266801494,1,0.958,4.2241932938739e-184,Type2,Stxbp5l
2.20604079012883e-170,0.714902656201566,0.96,0.806,4.41208158025766e-167,Type2,Rapgef5
1.7827166298035e-148,0.3407192672875,1,0.996,3.565433259607e-145,Type2,Zbtb20
3.39341971673155e-128,0.556287487921943,0.997,0.959,6.78683943346311e-125,Type2,Asph
4.60921258144239e-128,0.630280761053779,0.983,0.857,9.21842516288477e-125,Type2,Kcnk2
3.04862364075832e-112,0.44356330572576,0.993,0.959,6.09724728151663e-109,Type2,Wipf3
5.41597536384783e-83,0.532345232926853,0.892,0.75,1.08319507276957e-79,Type2,Dapk1
5.28349298880884e-78,0.42154520583263,0.967,0.912,1.05669859776177e-74,Type2,Adcy1
1.28534689800036e-74,0.375253143009455,0.982,0.899,2.57069379600073e-71,Type2,Ptpn5
4.59414115331327e-74,0.461753195740171,0.875,0.718,9.18828230662655e-71,Type2,Ntsr2
6.65396456718499e-70,0.322203283641914,1,0.967,1.330792913437e-66,Type2,Ptprd
1.96818605739134e-69,0.537994328519415,0.842,0.759,3.93637211478267e-66,Type2,Epha10
2.50704294541695e-69,0.359456708338741,0.985,0.936,5.0140858908339e-66,Type2,Slc8a1
1.13250555856844e-67,0.362404585432288,0.983,0.919,2.26501111713689e-64,Type2,Brinp2
7.64842530135818e-66,0.46295635281774,0.897,0.765,1.52968506027164e-62,Type2,Hdac7
2.31067385771385e-63,0.395518251276779,0.859,0.84,4.6213477154277e-60,Type2,Echdc2
2.97709820699104e-63,0.385907847524283,0.904,0.833,5.95419641398209e-60,Type2,Pygo1
2.34172844644349e-62,0.416520605221206,0.932,0.842,4.68345689288697e-59,Type2,Large1
2.53886660760607e-61,0.394060272716895,0.938,0.839,5.07773321521215e-58,Type2,Atp11b
1.71013462341635e-60,0.368907794143944,0.966,0.857,3.42026924683271e-57,Type2,Clmn
7.45574162123878e-59,0.398376641156499,0.925,0.822,1.49114832424776e-55,Type2,Fat3
6.83819664207658e-57,0.417304448637561,0.824,0.701,1.36763932841532e-53,Type2,Zbtb1
7.44198949677508e-55,0.345990699773289,0.88,0.882,1.48839789935502e-51,Type2,Onecut2
8.58201981543918e-55,0.299325923343293,0.997,0.964,1.71640396308784e-51,Type2,Erc2
2.73103906538435e-52,0.310211428049417,0.987,0.939,5.46207813076869e-49,Type2,Srgap2
3.20404246553729e-50,0.271757688523218,0.988,0.964,6.40808493107459e-47,Type2,Dclk1
2.85271312364938e-48,0.299231552093103,0.997,0.964,5.70542624729875e-45,Type2,Man1a2
8.89150805227169e-46,0.31604497306401,0.836,0.7,1.77830161045434e-42,Type2,Amigo2
2.95437098978172e-44,0.278539183941324,0.983,0.944,5.90874197956345e-41,Type2,Negr1
3.52661563643564e-44,0.357199933638474,0.857,0.739,7.05323127287127e-41,Type2,Cdkl2
3.90884882511589e-44,0.338103451941261,0.759,0.622,7.81769765023179e-41,Type2,Flna
5.44742888050154e-42,0.346404796289435,0.778,0.701,1.08948577610031e-38,Type2,Kcna4
2.07379724225818e-41,0.304727952895951,0.862,0.796,4.14759448451635e-38,Type2,Uhrf1bp1l
2.84248684620644e-40,0.292022348397271,0.649,0.523,5.68497369241287e-37,Type2,Flrt2
2.97607657665637e-40,0.322581851421012,0.919,0.821,5.95215315331274e-37,Type2,Zdhhc23
2.45071001967887e-39,0.275130863022746,0.654,0.53,4.90142003935774e-36,Type2,Slitrk4
4.8357037168122e-39,0.452981517927242,0.687,0.669,9.67140743362441e-36,Type2,St8sia6
7.04611444437397e-38,0.385143480607382,0.816,0.832,1.40922288887479e-34,Type2,Fkbp5
7.10026563246133e-38,0.411906443974491,0.831,0.839,1.42005312649227e-34,Type2,Dnah9
6.28494023812978e-36,0.31176838012321,0.806,0.706,1.25698804762596e-32,Type2,Pcdh10
2.81963298013819e-35,0.279284806528859,0.928,0.859,5.63926596027639e-32,Type2,Ralgapa1
2.95867831785904e-33,0.267313589544661,0.955,0.898,5.91735663571809e-30,Type2,Gabrb1
1.43449209240948e-32,0.335903459973502,0.634,0.599,2.86898418481896e-29,Type2,Cacng5
1.85464849407063e-32,0.274186801486601,0.94,0.854,3.70929698814126e-29,Type2,Rap2b
4.46648036357049e-32,0.250443555307419,0.977,0.957,8.93296072714099e-29,Type2,Vps13c
6.95604660988031e-32,0.27598594195982,0.693,0.608,1.39120932197606e-28,Type2,Rgs14
1.08427821200283e-31,0.256327437559857,0.927,0.896,2.16855642400565e-28,Type2,Ablim1
1.59377286469291e-31,0.318525102487154,0.863,0.787,3.18754572938581e-28,Type2,Rapgef4
1.78245646278584e-31,0.276637334363309,0.934,0.866,3.56491292557168e-28,Type2,Specc1
2.5075022008387e-31,0.274404891996546,0.919,0.852,5.0150044016774e-28,Type2,2010300C02Rik
2.6089878181471e-31,0.277024238842379,0.889,0.818,5.21797563629421e-28,Type2,Pde4dip
6.9318084007629e-30,0.282983354116111,0.868,0.779,1.38636168015258e-26,Type2,Trank1
1.66688150515581e-28,0.258851940674167,0.841,0.772,3.33376301031163e-25,Type2,Erc1
8.77905154201731e-28,0.321031946059439,0.79,0.82,1.75581030840346e-24,Type2,Rasl11b
1.51497158226502e-26,0.330680036191984,0.77,0.814,3.02994316453003e-23,Type2,Gm2115
6.57018416353958e-26,0.264793433344763,0.818,0.85,1.31403683270792e-22,Type2,Ccdc88c
2.9922198020912e-25,0.269327120814497,0.575,0.536,5.9844396041824e-22,Type2,Fgf5
3.68661482247143e-25,0.332870416506938,0.711,0.699,7.37322964494287e-22,Type2,Egfem1
2.41300446702197e-24,0.459034701179292,0.702,0.751,4.82600893404394e-21,Type2,Vcan
4.51312581975257e-24,0.261288374933402,0.691,0.654,9.02625163950514e-21,Type2,Bcan
4.63806835270495e-24,0.371948201665314,0.723,0.775,9.27613670540991e-21,Type2,Osbpl3
1.52791961792046e-22,0.281443269855922,0.591,0.603,3.05583923584092e-19,Type2,Osbpl10
3.70110637112808e-22,0.29845921148101,0.573,0.629,7.40221274225616e-19,Type2,Fhod3
5.1309742757635e-22,0.280557799920245,0.716,0.693,1.0261948551527e-18,Type2,Kcnt1
9.014789803264e-22,0.353140075144753,0.785,0.837,1.8029579606528e-18,Type2,Dpyd
5.19823877816207e-19,0.374245981832618,0.728,0.781,1.03964775563241e-15,Type2,Xkr6
2.00043993210305e-18,0.265414635365076,0.762,0.8,4.0008798642061e-15,Type2,Ttc21b
7.34137814935567e-15,0.262236468540262,0.723,0.75,1.46827562987113e-11,Type2,Wdfy2
9.27009144839117e-10,0.282807947313179,0.721,0.803,1.85401828967823e-06,Type2,Kcnk9
2.24143051408972e-09,0.282353432582972,0.695,0.767,4.48286102817945e-06,Type2,Fam126a
1.23391223007292e-06,0.295190832108455,0.544,0.614,0.00246782446014584,Type2,Ctsc
5.6749885771181e-06,0.308548692148501,0.562,0.649,0.0113499771542362,Type2,Hcrtr2
0.000517793525883495,0.289180122436358,0.66,0.774,1,Type2,Cfap100
1.12055594453425e-227,1.24381090649948,0.999,0.962,2.24111188906849e-224,Type3,Opcml
1.59278788273091e-208,1.65933033013815,0.979,0.846,3.18557576546181e-205,Type3,Ccnd2
2.93227024164131e-155,1.00322280744708,0.976,0.898,5.86454048328262e-152,Type3,Rnf182
5.95356695986681e-139,1.11243184413452,0.835,0.555,1.19071339197336e-135,Type3,Nectin3
1.78895854787878e-132,0.800496757309935,0.986,0.952,3.57791709575756e-129,Type3,Cpne7
4.02650406861726e-129,0.431981761761245,1,0.997,8.05300813723452e-126,Type3,Snhg11
2.74647987889548e-119,0.798032823774811,0.992,0.948,5.49295975779096e-116,Type3,Cpne6
7.53951498892755e-112,0.99218721934174,0.836,0.661,1.50790299778551e-108,Type3,Neto1
9.16657922295728e-100,0.68281114079513,0.991,0.955,1.83331584459146e-96,Type3,Gpi1
1.46578422436604e-98,0.838949984494101,0.798,0.641,2.93156844873208e-95,Type3,Slc1a2
1.33050317866575e-92,0.855075707052661,0.865,0.794,2.6610063573315e-89,Type3,Peak1
8.81794350207504e-88,0.907156741802492,0.827,0.663,1.76358870041501e-84,Type3,Cpeb1
8.66840957905546e-84,0.520420792148357,0.994,0.958,1.73368191581109e-80,Type3,Rnf112
9.03813642842104e-81,0.920825816086881,0.753,0.677,1.80762728568421e-77,Type3,Parp8
1.3862228621406e-79,0.979044340396116,0.713,0.648,2.7724457242812e-76,Type3,Nptx1
9.54850105259785e-79,0.675829499146774,0.959,0.895,1.90970021051957e-75,Type3,Rabgap1l
2.73071997479695e-78,0.838053543392354,0.828,0.732,5.4614399495939e-75,Type3,Raver2
3.76317118854928e-77,0.696517442572757,0.723,0.572,7.52634237709856e-74,Type3,Cntnap2
4.69714655759071e-77,0.689966513371563,0.927,0.792,9.39429311518141e-74,Type3,Adam11
1.80434475652053e-76,0.936497122749839,0.728,0.624,3.60868951304106e-73,Type3,Cdh24
7.5888048921989e-68,0.676038083515257,0.904,0.801,1.51776097843978e-64,Type3,Srcin1
1.67860590343498e-67,0.611837269959757,0.939,0.892,3.35721180686996e-64,Type3,Col4a2
4.80224986385425e-65,0.966247469432952,0.676,0.61,9.60449972770851e-62,Type3,Slit2
4.94699850770893e-65,0.599799366677389,0.931,0.864,9.89399701541786e-62,Type3,Grik4
1.30491440207702e-61,0.79701505306253,0.76,0.633,2.60982880415404e-58,Type3,Oxr1
1.49708315395862e-58,0.556745547041271,0.946,0.867,2.99416630791724e-55,Type3,Syt7
3.43397532179578e-57,0.545973833720009,0.884,0.733,6.86795064359156e-54,Type3,Aopep
8.91261281788843e-57,0.548906945161634,0.942,0.834,1.78252256357769e-53,Type3,Unc5c
1.66775665034715e-56,0.693421272653231,0.848,0.779,3.33551330069429e-53,Type3,Olfm1
2.90023278718523e-54,0.507160694045839,0.884,0.859,5.80046557437047e-51,Type3,Socs2
3.45397101587708e-54,0.529323732435975,0.949,0.91,6.90794203175415e-51,Type3,Syn2
1.198619230683e-52,0.494639504895436,0.982,0.944,2.39723846136601e-49,Type3,Tmem108
3.2475809344841e-51,0.587507402613506,0.79,0.66,6.4951618689682e-48,Type3,Islr2
7.39114349325853e-51,0.642632424278827,0.856,0.772,1.47822869865171e-47,Type3,Jak1
7.09134664961875e-50,0.551215942970467,0.897,0.775,1.41826932992375e-46,Type3,Chgb
9.40077471023158e-48,0.420904919083589,0.986,0.953,1.88015494204632e-44,Type3,Gpm6b
1.20981025610489e-47,0.499289423687337,0.945,0.872,2.41962051220978e-44,Type3,Ap2a2
6.42458235965172e-47,0.775669286518584,0.707,0.665,1.28491647193034e-43,Type3,Marchf1
1.09367320141468e-46,0.68219727356937,0.821,0.792,2.18734640282936e-43,Type3,Iqsec3
1.23056502585068e-46,0.488055668686953,0.962,0.924,2.46113005170135e-43,Type3,Nav3
1.59392199126505e-46,0.513662084343264,0.901,0.795,3.1878439825301e-43,Type3,Camta1
1.69761317764789e-45,0.544851359789585,0.773,0.658,3.39522635529579e-42,Type3,Iqgap1
3.53705778839987e-44,0.535580686607713,0.83,0.719,7.07411557679974e-41,Type3,Rimbp2
5.61316085135715e-44,0.536066362784592,0.726,0.609,1.12263217027143e-40,Type3,Entpd7
8.10384136843643e-44,0.561919335447661,0.806,0.769,1.62076827368729e-40,Type3,Tenm2
2.16649774049765e-43,0.695603277145229,0.704,0.571,4.3329954809953e-40,Type3,Per3
2.76552329714201e-43,0.518886854502385,0.696,0.562,5.53104659428403e-40,Type3,Ncam1
1.90286600667248e-41,0.594163906367876,0.817,0.751,3.80573201334496e-38,Type3,Kctd4
2.62670392956937e-40,0.681091410161613,0.652,0.598,5.25340785913873e-37,Type3,Epha3
5.72761825146568e-40,0.412140375058133,0.96,0.915,1.14552365029314e-36,Type3,Zmynd8
1.12968675270144e-39,0.473982129235593,0.751,0.603,2.25937350540288e-36,Type3,Ncald
2.95323070068223e-39,0.444540183413294,0.753,0.583,5.90646140136446e-36,Type3,Cacna2d1
6.36868578482286e-39,0.708573783914337,0.757,0.732,1.27373715696457e-35,Type3,Scube1
1.92394334609927e-38,0.451310090669655,0.824,0.693,3.84788669219854e-35,Type3,Spock2
2.08494747216202e-38,0.35335735743235,0.484,0.337,4.16989494432405e-35,Type3,Nol4l
2.73086616340537e-38,0.874475220131688,0.614,0.633,5.46173232681073e-35,Type3,Lnx1
4.43093512431207e-38,0.459560673204757,0.924,0.889,8.86187024862414e-35,Type3,Adgrb1
4.84006963295611e-38,0.447240089791933,0.942,0.92,9.68013926591221e-35,Type3,Trhde
1.97690864499674e-37,0.392202998844533,0.534,0.452,3.95381728999348e-34,Type3,Ephb1
5.81301681234244e-37,0.460569368228081,0.913,0.846,1.16260336246849e-33,Type3,Wscd2
1.52772521103497e-35,0.62280701858451,0.712,0.673,3.05545042206994e-32,Type3,Magi3
2.03794746695384e-35,0.610608613343106,0.607,0.569,4.07589493390768e-32,Type3,Lrrc10b
2.91763618783648e-34,0.435405400187007,0.688,0.556,5.83527237567297e-31,Type3,Nsun7
3.05635821478768e-34,0.375583033524276,0.511,0.421,6.11271642957536e-31,Type3,Mapk11
1.76480166122067e-33,0.421144594032589,0.761,0.669,3.52960332244135e-30,Type3,Nrp2
4.27347675589394e-33,0.62452527454679,0.679,0.683,8.54695351178787e-30,Type3,Prkcb
7.07528854366881e-32,0.508914353585335,0.622,0.52,1.41505770873376e-28,Type3,C530008M17Rik
7.49557925113228e-32,0.305958516988622,0.994,0.978,1.49911585022646e-28,Type3,Nos1ap
1.69956911740164e-31,0.277297245530878,0.991,0.967,3.39913823480328e-28,Type3,Cadps
4.17486284250128e-31,0.591190884843556,0.65,0.644,8.34972568500257e-28,Type3,Kcnc2
1.52340980270482e-30,0.477734581664482,0.614,0.482,3.04681960540965e-27,Type3,Nptxr
1.88944587047127e-30,0.478125614536935,0.595,0.65,3.77889174094255e-27,Type3,Iyd
3.00037118637791e-30,0.69669285131002,0.705,0.68,6.00074237275581e-27,Type3,Trps1
4.51435453344385e-30,0.442503392917785,0.81,0.785,9.02870906688769e-27,Type3,Mas1
5.84476768852324e-30,0.440846700273038,0.901,0.848,1.16895353770465e-26,Type3,Klhl7
9.04394142671871e-30,0.403567645983031,0.77,0.65,1.80878828534374e-26,Type3,Arhgap17
9.34312411884132e-30,0.357154716260307,0.498,0.399,1.86862482376826e-26,Type3,Dpf3
1.99018321757695e-29,0.346454227066972,0.913,0.825,3.98036643515389e-26,Type3,Zfp950
2.82091903837288e-29,0.31405476038401,0.609,0.469,5.64183807674577e-26,Type3,Sntb2
3.27137274301743e-29,0.695552305957375,0.679,0.658,6.54274548603487e-26,Type3,Shisa4
5.68215865226954e-29,0.516946984503973,0.588,0.541,1.13643173045391e-25,Type3,Edil3
3.35113965918045e-28,0.490762159636998,0.815,0.735,6.70227931836089e-25,Type3,Brinp1
2.51787821274384e-27,0.536558738197573,0.744,0.73,5.03575642548767e-24,Type3,Palmd
4.91230439396099e-27,0.366081854345378,0.696,0.621,9.82460878792197e-24,Type3,Ppfia4
5.17361537514397e-27,0.431602895686189,0.754,0.669,1.03472307502879e-23,Type3,Camk2n1
5.76947570454846e-27,0.379202403066153,0.465,0.38,1.15389514090969e-23,Type3,Fhl1
1.16969190928374e-26,0.328438175579554,0.574,0.443,2.33938381856747e-23,Type3,Camkk1
1.18549948581469e-26,0.375412629250528,0.86,0.86,2.37099897162937e-23,Type3,Stmn2
1.52170731567465e-26,0.548127024545052,0.71,0.693,3.0434146313493e-23,Type3,Osbpl1a
1.65845902716927e-26,0.396875447973545,0.877,0.805,3.31691805433855e-23,Type3,Mast3
3.03020847148213e-26,0.597409556704405,0.614,0.626,6.06041694296425e-23,Type3,Tspan17
4.31447615974605e-26,0.409938494751291,0.617,0.576,8.6289523194921e-23,Type3,Rab15
4.69828852854647e-26,0.36396068320245,0.981,0.969,9.39657705709294e-23,Type3,Akap13
7.76464498807524e-26,0.330716412322444,0.535,0.482,1.55292899761505e-22,Type3,Cbfa2t3
8.16681995318341e-26,0.418286323103563,0.542,0.444,1.63336399063668e-22,Type3,Scn3b
1.08662200320328e-25,0.264907371220767,0.511,0.493,2.17324400640657e-22,Type3,Mndal
2.41206802579215e-25,0.425447339904166,0.748,0.676,4.8241360515843e-22,Type3,Klhl2
1.32800436032375e-24,0.378206411690284,0.784,0.68,2.6560087206475e-21,Type3,Golm1
2.1142608444685e-24,0.468407116471738,0.716,0.7,4.228521688937e-21,Type3,Gas2l1
6.29812164241928e-24,0.4564488859654,0.752,0.706,1.25962432848386e-20,Type3,Mgll
6.43755175168597e-24,0.40945622301753,0.797,0.774,1.28751035033719e-20,Type3,Osbpl6
1.05959664378693e-23,0.561015952681634,0.675,0.631,2.11919328757386e-20,Type3,Sh3gl2
1.40215305025386e-23,0.364718993490003,0.753,0.645,2.80430610050772e-20,Type3,Cers4
3.74476897017409e-23,0.353953976099478,0.828,0.746,7.48953794034818e-20,Type3,Epha6
6.40164262575167e-23,0.571188894554863,0.581,0.578,1.28032852515033e-19,Type3,Gm45716
6.8428293841779e-23,0.517192694040948,0.729,0.729,1.36856587683558e-19,Type3,Tenm4
1.06329037145602e-22,0.404975541323262,0.668,0.669,2.12658074291204e-19,Type3,Sgsm1
2.37496763611125e-22,0.260396666769329,0.951,0.928,4.74993527222249e-19,Type3,Kcna1
2.75988776346754e-22,0.461664692786614,0.536,0.484,5.51977552693508e-19,Type3,Hap1
3.84799875494037e-22,0.324438257775187,0.562,0.538,7.69599750988075e-19,Type3,Tead1
5.75228055024503e-22,0.258223077401871,0.681,0.604,1.15045611004901e-18,Type3,Tnr
7.25787850343674e-22,0.517703983164804,0.731,0.74,1.45157570068735e-18,Type3,Slc6a7
1.00149680050764e-21,0.314539183972096,0.824,0.761,2.00299360101527e-18,Type3,Smpd4
2.55288009070931e-21,0.539000050411606,0.669,0.702,5.10576018141863e-18,Type3,Zdhhc14
9.99810720310452e-21,0.329001298228942,0.586,0.507,1.9996214406209e-17,Type3,Cxadr
1.44404592351566e-20,0.343932176170623,0.754,0.717,2.88809184703133e-17,Type3,Ptpre
1.69701470707891e-20,0.354248408778306,0.665,0.568,3.39402941415783e-17,Type3,Kit
3.98550582684731e-20,0.280986082553129,0.712,0.633,7.97101165369461e-17,Type3,Rasa2
2.11693032317668e-19,0.2881466999249,0.63,0.543,4.23386064635337e-16,Type3,Klf7
2.47951996237689e-19,0.317149014022533,0.805,0.738,4.95903992475378e-16,Type3,Klhl3
5.42276450245146e-19,0.323305519418028,0.796,0.758,1.08455290049029e-15,Type3,Tln2
6.53645138780043e-19,0.393915281398917,0.691,0.655,1.30729027756009e-15,Type3,Grik2
9.23292449438385e-19,0.586172313681975,0.56,0.557,1.84658489887677e-15,Type3,Bok
9.32391861570375e-19,0.470608904058395,0.739,0.749,1.86478372314075e-15,Type3,Homer3
1.35941269861131e-18,0.342059175431166,0.58,0.529,2.71882539722261e-15,Type3,Gpr68
2.3459745660455e-18,0.404787261728198,0.789,0.782,4.691949132091e-15,Type3,Agrn
2.53087103017557e-18,0.459991238056143,0.59,0.627,5.06174206035114e-15,Type3,Cacng2
6.09411463589805e-18,0.278650024958241,0.924,0.883,1.21882292717961e-14,Type3,Dlg2
1.61591428414974e-17,0.548123339290775,0.598,0.618,3.23182856829948e-14,Type3,Hes1
2.79093403620086e-17,0.269707498776404,0.752,0.673,5.58186807240172e-14,Type3,Tmem178b
4.29141762296574e-17,0.587223641462722,0.606,0.647,8.58283524593148e-14,Type3,Gprin3
5.77443690482748e-17,0.503720493837429,0.683,0.716,1.1548873809655e-13,Type3,Dgkb
6.08376194664944e-17,0.263993553877291,0.735,0.648,1.21675238932989e-13,Type3,Nsd2
1.4419029216927e-16,0.268398387300775,0.821,0.741,2.8838058433854e-13,Type3,Raph1
3.04925714779185e-16,0.258234752540906,0.926,0.855,6.09851429558371e-13,Type3,Khdrbs3
2.7740588490012e-15,0.267281945729048,0.771,0.722,5.5481176980024e-12,Type3,Daam1
2.81658770888587e-15,0.424542218924524,0.76,0.759,5.63317541777175e-12,Type3,Grip1
2.91329298934433e-15,0.418864056966645,0.745,0.787,5.82658597868866e-12,Type3,5031439G07Rik
1.28527161528128e-14,0.374915941181578,0.795,0.845,2.57054323056257e-11,Type3,Cadm3
1.01828943690948e-13,0.274844595257737,0.808,0.807,2.03657887381896e-10,Type3,Mcf2l
2.13882537519401e-13,0.278936046926843,0.862,0.874,4.27765075038802e-10,Type3,Kcnc1
6.35305677541704e-13,0.300741777723912,0.534,0.522,1.27061135508341e-09,Type3,Mmd
9.60017770157122e-13,0.318959809347639,0.766,0.759,1.92003554031424e-09,Type3,Ogfrl1
1.59278326910264e-12,0.327437099811171,0.519,0.566,3.18556653820529e-09,Type3,Ifi203
1.72022555193601e-12,0.293614280941548,0.476,0.467,3.44045110387201e-09,Type3,Cntnap5c
2.56580628732581e-12,0.325106214065614,0.76,0.769,5.13161257465162e-09,Type3,Shisa6
2.92876943829463e-12,0.278648411497699,0.555,0.623,5.85753887658926e-09,Type3,Sorcs3
3.24667034490245e-12,0.305394644905531,0.707,0.654,6.49334068980489e-09,Type3,Iqcj
5.86847030060802e-12,0.259036228847773,0.747,0.732,1.1736940601216e-08,Type3,Cdh10
1.47166049471999e-11,0.525352738446791,0.613,0.675,2.94332098943997e-08,Type3,Adamts9
2.16608172268618e-11,0.255129016365457,0.505,0.507,4.33216344537237e-08,Type3,Myrf
3.80446767503765e-11,0.464431236210066,0.614,0.654,7.60893535007529e-08,Type3,Clmp
5.1754771301355e-11,0.284765289650037,0.646,0.628,1.0350954260271e-07,Type3,Dennd1b
5.40163622605902e-11,0.276465359926904,0.603,0.565,1.0803272452118e-07,Type3,Dnajc10
1.13219227564305e-10,0.298429827292914,0.738,0.743,2.26438455128609e-07,Type3,Kcnq5
1.20029997406061e-10,0.454458755704357,0.714,0.718,2.40059994812122e-07,Type3,Lmo4
3.61763778427459e-10,0.429551181595997,0.683,0.761,7.23527556854919e-07,Type3,Chst2
6.38634659543081e-10,0.370946503621829,0.533,0.63,1.27726931908616e-06,Type3,Nkd2
9.0820847547415e-10,0.275470746065135,0.506,0.52,1.8164169509483e-06,Type3,Epb41l4b
9.35136485954319e-10,0.566478080242255,0.561,0.627,1.87027297190864e-06,Type3,Iqgap2
1.13170630010466e-09,0.439799631658089,0.685,0.739,2.26341260020932e-06,Type3,Tgfb2
1.74178277941792e-09,0.46742187863862,0.686,0.706,3.48356555883584e-06,Type3,Sdk2
1.8701616568098e-09,0.336550868262783,0.69,0.693,3.7403233136196e-06,Type3,Pcdh17
4.98993590432038e-09,0.259302244842758,0.625,0.614,9.97987180864077e-06,Type3,Grm1
1.77202693622935e-08,0.35223151109021,0.694,0.718,3.5440538724587e-05,Type3,Dkk3
1.83053527606307e-08,0.531846719057372,0.615,0.663,3.66107055212614e-05,Type3,Nnat
2.89127854092151e-08,0.251164357737237,0.631,0.613,5.78255708184302e-05,Type3,Slc35f3
6.19124809630303e-08,0.279830434425471,0.63,0.637,0.000123824961926061,Type3,Fnbp1
8.05570595055182e-08,0.3584426565426,0.578,0.626,0.000161114119011037,Type3,Fstl4
1.63052045035671e-07,0.507874137311346,0.549,0.626,0.000326104090071341,Type3,Car4
4.09649768550843e-07,0.279100517511291,0.691,0.727,0.000819299537101687,Type3,Dab2ip
4.37947077460621e-07,0.34040790126011,0.682,0.717,0.000875894154921241,Type3,D430041D05Rik
6.22083298242032e-07,0.390000333147646,0.879,0.915,0.00124416659648406,Type3,Col11a1
1.02630805300289e-06,0.277894123377562,0.749,0.788,0.00205261610600579,Type3,Pdcd4
2.19746051537061e-06,0.364480219903267,0.637,0.678,0.00439492103074122,Type3,Dcc
9.93904761975999e-06,0.443081560047328,0.55,0.626,0.01987809523952,Type3,Bicc1
1.5503873052962e-05,0.392686065007769,0.6,0.644,0.0310077461059241,Type3,Sema3e
3.3774661364484e-05,0.292921753831971,0.606,0.657,0.067549322728968,Type3,Dlg5
4.65287998163871e-05,0.310201951201008,0.629,0.682,0.0930575996327743,Type3,Armh4
4.86217741810073e-05,0.277249842152991,0.639,0.663,0.0972435483620146,Type3,Dclk2
7.28985165778636e-05,0.361775190820635,0.545,0.622,0.145797033155727,Type3,Dcx
8.35244344621276e-05,0.403318039032208,0.58,0.658,0.167048868924255,Type3,Vwa5b2
9.34526516286862e-05,0.341225669655207,0.665,0.731,0.186905303257372,Type3,Klf3
0.000133402387256992,0.397608694201633,0.544,0.62,0.266804774513984,Type3,Adgra1
0.000935895994363513,0.272442601328151,0.541,0.569,1,Type3,Ppp2r3a
0.00245546664664247,0.377559311315186,0.598,0.677,1,Type3,Evc2
0.00350415159196785,0.250141697786275,0.563,0.607,1,Type3,D3Ertd751e
0.00682639528787323,0.303043008008665,0.646,0.706,1,Type3,Hspa12a
0.00744473344281794,0.301195134725673,0.621,0.715,1,Type3,Ackr1
1.89302601267045e-246,1.71813320985262,0.912,0.603,3.78605202534091e-243,Type4,C1ql3
1.05410509313099e-241,0.697898293607103,0.872,0.392,2.10821018626197e-238,Type4,Cntn5
9.68378672523712e-224,0.572962643317751,0.872,0.489,1.93675734504742e-220,Type4,Stxbp6
1.20729715558227e-220,0.786123163633036,0.89,0.552,2.41459431116453e-217,Type4,Cntnap5a
1.55410979544799e-205,0.271592697376051,0.802,0.261,3.10821959089598e-202,Type4,Pcsk5
7.17561512389771e-198,0.594185956118943,0.877,0.603,1.43512302477954e-194,Type4,Lingo2
1.20103506056504e-195,0.59314943468171,0.855,0.45,2.40207012113009e-192,Type4,Prox1
1.71881606934394e-195,0.473560041501743,0.861,0.533,3.43763213868787e-192,Type4,Rasl10a
2.38161683145847e-189,0.322116322918894,0.849,0.516,4.76323366291695e-186,Type4,Calb1
2.1813602408287e-182,0.85546507048433,0.869,0.591,4.36272048165739e-179,Type4,Adarb2
2.84727264361349e-177,0.570165954286629,0.872,0.531,5.69454528722698e-174,Type4,Brinp3
8.73558310370738e-176,0.574451827086642,0.879,0.564,1.74711662074148e-172,Type4,AI593442
1.38616252442676e-173,0.26115023678236,0.676,0.179,2.77232504885352e-170,Type4,Cldn5
7.22172908165636e-169,0.789158716076066,0.877,0.583,1.44434581633127e-165,Type4,Dock10
1.69812512059388e-168,0.499688361468567,0.822,0.344,3.39625024118777e-165,Type4,Fnbp1l
1.17193877714748e-164,0.307688332755501,0.831,0.474,2.34387755429496e-161,Type4,Slc2a13
1.17307500510156e-161,0.367645199573085,0.861,0.601,2.34615001020311e-158,Type4,Cdh9
1.91792471518401e-161,0.259754088852391,0.857,0.574,3.83584943036802e-158,Type4,Gm12216
3.75239381099727e-148,0.597816786533686,0.841,0.526,7.50478762199454e-145,Type4,Thsd7a
8.93195092789816e-147,0.312133330199295,0.835,0.415,1.78639018557963e-143,Type4,Cxcl12
6.01103002086795e-140,0.289000575401987,0.869,0.586,1.20220600417359e-136,Type4,Iqgap2
1.27644797959549e-138,0.343719408003447,0.787,0.435,2.55289595919099e-135,Type4,Gad1
6.62005383837524e-133,0.305251722124536,0.827,0.449,1.32401076767505e-129,Type4,Vav3
1.13890014291772e-132,0.85807177351412,0.756,0.292,2.27780028583545e-129,Type4,Ptchd4
3.7034434177061e-131,0.419793395893125,0.831,0.497,7.4068868354122e-128,Type4,Gnal
3.09034302731047e-124,0.490338459790019,0.792,0.358,6.18068605462094e-121,Type4,Maf
2.93351978362242e-120,0.477833798197159,0.813,0.508,5.86703956724484e-117,Type4,Tead1
2.05563436616824e-118,0.474770536762556,0.872,0.66,4.11126873233648e-115,Type4,Prkcb
5.99163904018056e-118,0.301230901952703,0.739,0.334,1.19832780803611e-114,Type4,Rassf8
7.09628774058132e-118,0.537308893864434,0.871,0.603,1.41925754811626e-114,Type4,Scg2
9.87397401487866e-116,1.1523702876965,0.894,0.581,1.97479480297573e-112,Type4,Ntng1
9.24123863686211e-115,0.374818534216928,0.778,0.415,1.84824772737242e-111,Type4,Jun
2.97840741518145e-112,0.424188715108675,0.831,0.519,5.95681483036289e-109,Type4,Cacna2d2
3.81248654338843e-112,0.434791289853367,0.858,0.602,7.62497308677685e-109,Type4,Cspg5
1.85051399020413e-109,0.894839597621778,0.901,0.551,3.70102798040827e-106,Type4,Tenm1
7.91033139312842e-107,0.259798590652027,0.743,0.343,1.58206627862568e-103,Type4,Hmcn1
1.60560956099834e-103,0.427582192437688,0.71,0.327,3.21121912199669e-100,Type4,Ndst4
8.64111025315005e-99,0.344866978276119,0.833,0.561,1.72822205063001e-95,Type4,Rora
3.08508526392236e-93,0.257091237486777,0.66,0.197,6.17017052784471e-90,Type4,Gm9925
1.27686509258764e-90,0.321735184596545,0.792,0.441,2.55373018517528e-87,Type4,Zmat4
1.24008847946959e-85,0.407782844466011,0.806,0.52,2.48017695893918e-82,Type4,Camk2g
4.04542435646025e-84,0.539412455698687,0.91,0.694,8.09084871292049e-81,Type4,Arhgap20
1.57821095319567e-82,0.269632440367921,0.844,0.591,3.15642190639135e-79,Type4,Npy
6.82494612006847e-82,0.31339773213902,0.833,0.464,1.36498922401369e-78,Type4,Flt1
1.55951406340152e-79,0.250759596319509,0.721,0.377,3.11902812680304e-76,Type4,Col19a1
8.4851096900376e-79,1.05730354938005,0.828,0.458,1.69702193800752e-75,Type4,Mef2c
3.24565142119282e-77,0.352950486669879,0.855,0.605,6.49130284238564e-74,Type4,Ppp1r16b
2.24632096541765e-76,0.592632578403381,0.798,0.518,4.49264193083529e-73,Type4,Edil3
1.19910942193877e-69,0.464714781142815,0.772,0.546,2.39821884387754e-66,Type4,Magi1
7.07282875501583e-67,0.423142339466322,0.827,0.465,1.41456575100317e-63,Type4,Vtn
2.95373414516203e-66,0.265181747221093,0.798,0.591,5.90746829032406e-63,Type4,Sorcs3
3.30576925335163e-66,0.305334677733255,0.828,0.539,6.61153850670325e-63,Type4,Col25a1
8.10830736814219e-65,0.334617457135334,0.718,0.375,1.62166147362844e-61,Type4,Efnb3
1.79059395477605e-61,0.276423959315944,0.836,0.583,3.58118790955209e-58,Type4,Chl1
3.63177209906959e-61,0.301014172160822,0.828,0.584,7.26354419813917e-58,Type4,Dcx
4.62692315774678e-61,0.470141662664061,0.775,0.496,9.25384631549357e-58,Type4,Rgs17
6.58937406568134e-61,0.334162924720289,0.687,0.403,1.31787481313627e-57,Type4,Nxph1
4.49630728811309e-60,0.383413921590413,0.827,0.495,8.99261457622618e-57,Type4,Slco1a4
6.16228224120472e-57,0.580146892756989,0.701,0.408,1.23245644824095e-53,Type4,Grid2
6.08680239151825e-54,0.804589587276746,0.806,0.555,1.21736047830365e-50,Type4,Ncam1
5.123917153898e-52,0.323311471816404,0.88,0.662,1.0247834307796e-48,Type4,Itpr1
6.84988571022814e-50,0.56479971459578,0.739,0.449,1.36997714204563e-46,Type4,Hecw1
1.29484163742981e-48,0.300932058318743,0.597,0.274,2.58968327485962e-45,Type4,Slc30a3
1.37934529372787e-48,0.825013514968507,0.627,0.382,2.75869058745573e-45,Type4,Cdh13
3.14040881005389e-46,0.315780297552765,0.819,0.579,6.28081762010777e-43,Type4,Mbp
8.04051573725027e-44,0.294268248924854,0.279,0.425,1.60810314745005e-40,Type4,Arhgap29
4.51715713890749e-40,0.361036449901558,0.877,0.635,9.03431427781498e-37,Type4,Shisa4
1.4236906949268e-39,0.578448869795236,0.715,0.428,2.8473813898536e-36,Type4,Scn3b
2.93563967032171e-38,0.460391776900467,0.776,0.513,5.87127934064342e-35,Type4,Ccdc85a
2.19865829087209e-37,0.348520499198762,0.857,0.649,4.39731658174418e-34,Type4,Marchf1
3.726110100163e-36,0.68835820209399,0.865,0.712,7.452220200326e-33,Type4,Syne1
9.14537542052363e-35,0.37228338281921,0.901,0.695,1.82907508410473e-31,Type4,Lmo4
2.76760623448031e-34,0.29209794615507,0.869,0.688,5.53521246896061e-31,Type4,Ankrd33b
4.31293078104335e-33,0.309008037146301,0.8,0.561,8.6258615620867e-30,Type4,Psmb5
3.6903002029557e-32,0.749144215761551,0.841,0.642,7.3806004059114e-29,Type4,mt-Cytb
4.72613853306221e-31,0.273877041616194,0.268,0.355,9.45227706612443e-28,Type4,Tspan18
8.2847709726843e-31,0.527963837377253,0.923,0.773,1.65695419453686e-27,Type4,Olfm1
4.58159911177931e-30,0.34485633615078,0.274,0.374,9.16319822355863e-27,Type4,Ndst3
5.15025382760275e-30,0.717111792636717,0.591,0.35,1.03005076552055e-26,Type4,Pdzd2
1.710022711679e-29,0.695251549517781,0.813,0.643,3.420045423358e-26,Type4,Cers4
4.18738735026424e-29,0.676233748673832,0.775,0.608,8.37477470052847e-26,Type4,Ncald
1.57998028212396e-28,0.287698583075354,0.748,0.553,3.15996056424793e-25,Type4,Tmod1
1.844874659055e-28,1.02470110861968,0.608,0.381,3.68974931811e-25,Type4,Cit
1.10742825334421e-27,0.351560836278862,0.62,0.402,2.21485650668843e-24,Type4,Fras1
3.65477029691699e-27,0.755567333996843,0.784,0.642,7.30954059383398e-24,Type4,Dgkh
4.51664411233823e-27,1.02078052474586,0.633,0.416,9.03328822467647e-24,Type4,Cald1
2.18721395395537e-26,0.448454810634817,0.839,0.663,4.37442790791073e-23,Type4,Camk2n1
2.57309920446457e-25,0.538026656494666,0.66,0.473,5.14619840892913e-22,Type4,Zfpm2
4.0846795269986e-23,0.410655711774775,0.85,0.69,8.16935905399719e-20,Type4,Atp6v1d
4.53405783758122e-23,0.35533149014939,0.751,0.549,9.06811567516243e-20,Type4,Sox11
6.77470344049244e-23,0.295354652792247,0.535,0.351,1.35494068809849e-19,Type4,Ly6a
1.9177550557836e-22,0.334641906921818,0.702,0.46,3.83551011156719e-19,Type4,Tspan3
3.13393650812831e-22,0.477384852709278,0.628,0.415,6.26787301625662e-19,Type4,Pitpnm2
1.57843219136378e-21,0.60533930201994,0.701,0.528,3.15686438272756e-18,Type4,Sparcl1
1.99964147733606e-21,0.344106079713723,0.828,0.619,3.99928295467211e-18,Type4,Plp1
9.1155204107721e-21,0.306075837168828,0.893,0.769,1.82310408215442e-17,Type4,Pdcd4
4.77425373727781e-20,0.41817667893056,0.762,0.57,9.54850747455563e-17,Type4,Per3
1.16709693118048e-19,0.260937766723381,0.849,0.629,2.33419386236096e-16,Type4,Cst3
4.44502201846416e-19,0.578803018030288,0.715,0.548,8.89004403692832e-16,Type4,Dock3
1.23267145378969e-18,0.300905926058347,0.783,0.625,2.46534290757938e-15,Type4,Cox7b
5.02642060320456e-18,0.503717512165541,0.88,0.778,1.00528412064091e-14,Type4,Cadm1
1.93525550111309e-17,0.31229341485958,0.589,0.372,3.87051100222618e-14,Type4,Ttc39c
2.68063490473836e-17,0.769698067504667,0.871,0.693,5.36126980947673e-14,Type4,Bsg
4.70977440731096e-17,0.272769858283972,0.315,0.377,9.41954881462193e-14,Type4,Hlf
1.74418280094753e-14,0.296061085098518,0.836,0.637,3.48836560189506e-11,Type4,Fau
2.04486014967903e-14,0.547929624668443,0.698,0.568,4.08972029935805e-11,Type4,mt-Atp6
2.43820062998552e-14,0.257768959070866,0.306,0.29,4.87640125997104e-11,Type4,Pcdh8
3.1823755177506e-14,0.551091423897916,0.767,0.676,6.3647510355012e-11,Type4,mt-Co1
3.46299086607066e-14,0.267250466653382,0.654,0.546,6.92598173214132e-11,Type4,Etl4
6.47920029672566e-14,0.460136897940935,0.728,0.602,1.29584005934513e-10,Type4,Tnr
9.80085725868033e-14,0.617260734942525,0.663,0.526,1.96017145173607e-10,Type4,mt-Nd4
9.94398653092357e-14,0.473483127691248,0.883,0.826,1.98879730618471e-10,Type4,Hsp90aa1
1.54079214877897e-13,0.262034673960478,0.753,0.599,3.08158429755795e-10,Type4,Pnmal2
2.81052837869705e-13,0.437074461776022,0.816,0.713,5.62105675739411e-10,Type4,Akap6
3.0050301147519e-13,0.464555368218471,0.85,0.766,6.01006022950379e-10,Type4,Cplx2
3.59493604554687e-13,0.442867133585948,0.852,0.749,7.18987209109375e-10,Type4,Hspa8
7.70475167510628e-13,0.658676640815315,0.743,0.643,1.54095033502126e-09,Type4,mt-Co2
1.92276194761309e-12,0.301868387460548,0.729,0.582,3.84552389522617e-09,Type4,Gria4
2.45364994228449e-12,0.491770173151857,0.792,0.714,4.90729988456898e-09,Type4,Ptpre
2.89645155493444e-12,0.253854784458784,0.956,0.96,5.79290310986888e-09,Type4,Atp1b1
4.53923337219034e-12,0.529050661396638,0.71,0.61,9.07846674438069e-09,Type4,Il1rap
4.87420442680651e-12,0.418324562786102,0.665,0.537,9.74840885361303e-09,Type4,Slc2a3
6.90097573347845e-12,0.34464571207169,0.86,0.797,1.38019514669569e-08,Type4,Atp2b2
7.47310983205227e-12,0.343524296034036,0.97,0.935,1.49462196641045e-08,Type4,Atp6v0c
2.18100214525675e-11,0.505084983568559,0.271,0.156,4.3620042905135e-08,Type4,Epb41
3.6967970948656e-11,0.296094009259507,0.942,0.931,7.3935941897312e-08,Type4,Calm1
6.21677076265214e-11,0.477012870865356,0.704,0.597,1.24335415253043e-07,Type4,Cacna2d1
8.07667050681677e-11,0.284354934167007,0.861,0.734,1.61533410136335e-07,Type4,Brinp1
4.65189698985819e-10,0.462764956750736,0.715,0.615,9.30379397971637e-07,Type4,Itm2b
5.11409317859918e-10,0.322099098568317,0.687,0.531,1.02281863571984e-06,Type4,Pam
6.91276131281566e-10,0.413717119527332,0.293,0.25,1.38255226256313e-06,Type4,Plekha2
1.02797351122628e-09,0.412334614352496,0.896,0.823,2.05594702245256e-06,Type4,Slc25a4
1.42395403594945e-09,0.339941245815856,0.309,0.254,2.8479080718989e-06,Type4,Tac1
5.86771866633082e-09,2.28939886208601,0.68,0.523,1.17354373326616e-05,Type4,Ptgds
6.28661624493867e-09,0.388479846375438,0.715,0.62,1.25732324898773e-05,Type4,Serinc1
6.73796473755298e-09,0.490101059205041,0.521,0.215,1.3475929475106e-05,Type4,Adgrl2
1.10814620297057e-08,0.414328677690972,0.696,0.661,2.21629240594113e-05,Type4,Slc1a2
2.4497933528163e-08,0.274978665250725,0.354,0.373,4.8995867056326e-05,Type4,Casd1
4.78970785041394e-08,0.278550674714091,0.709,0.553,9.57941570082789e-05,Type4,Cox5a
6.78645975179936e-08,0.434021856332608,0.323,0.275,0.000135729195035987,Type4,Cntn4
7.86830578332505e-08,0.344416268023358,0.609,0.459,0.000157366115666501,Type4,Apod
8.8924211830881e-08,0.3238134720001,0.765,0.647,0.000177848423661762,Type4,Grik2
9.14283228823034e-08,0.492787560364077,0.94,0.888,0.000182856645764607,Type4,Nrgn
1.75186797670476e-07,0.510847781768856,0.655,0.586,0.000350373595340953,Type4,Kcnb1
3.5212628086943e-07,0.342914267870735,0.608,0.497,0.00070425256173886,Type4,Cblb
3.56296696589949e-07,0.368843635306099,0.376,0.383,0.000712593393179897,Type4,Satb1
4.01167838852623e-07,0.491423145870475,0.641,0.559,0.000802335677705246,Type4,Fam135b
6.70014701443384e-07,0.7029585698644,0.361,0.25,0.00134002940288677,Type4,Lrrtm3
7.34235039474728e-07,0.318312791192394,0.364,0.325,0.00146847007894946,Type4,Fam81a
3.34925385338685e-06,0.344302378926034,0.474,0.161,0.00669850770677369,Type4,Arhgap6
4.47763227468532e-06,0.418061928848428,0.734,0.714,0.00895526454937065,Type4,mt-Co3
5.47349751212119e-06,0.434593687104917,0.335,0.267,0.0109469950242424,Type4,Camk2d
1.40434994762699e-05,0.407240788388186,0.693,0.62,0.0280869989525397,Type4,Scn3a
1.4640962538184e-05,0.289551481320611,0.447,0.486,0.029281925076368,Type4,Nap1l5
1.58040057827546e-05,0.300495168852794,0.576,0.45,0.0316080115655092,Type4,Camkk1
2.6005050457772e-05,0.255864610551481,0.663,0.555,0.052010100915544,Type4,Hspa4
3.03641451533549e-05,0.258051333693414,0.876,0.88,0.0607282903067097,Type4,Syt7
3.04919808592433e-05,0.332517157077037,0.668,0.562,0.0609839617184866,Type4,Ttyh1
3.28988606584052e-05,0.270997381614457,0.715,0.626,0.0657977213168104,Type4,Fnbp1
3.52936739948966e-05,0.320895685374772,0.356,0.336,0.0705873479897932,Type4,Garnl3
5.92335920109392e-05,0.439892707953052,0.576,0.465,0.118467184021878,Type4,Rpl24
8.48465399173641e-05,0.537505368205045,0.465,0.147,0.169693079834728,Type4,Zfp536
0.000128798308859284,0.39041440712632,0.748,0.675,0.257596617718568,Type4,Nrp2
0.00013537698343047,0.277182525242972,0.761,0.721,0.27075396686094,Type4,St6galnac5
0.000146606149139483,0.348786664480585,0.564,0.443,0.293212298278966,Type4,Pard3
0.000153335159023671,0.376575710695202,0.608,0.486,0.306670318047341,Type4,Ssbp2
0.000171639799003557,0.540304922692146,0.913,0.773,0.343279598007114,Type4,Ntm
0.000191154212809797,0.332106516039073,0.32,0.24,0.382308425619594,Type4,Pcdh11x
0.000511725800863636,0.314094926611389,0.375,0.336,1,Type4,Kcnh7
0.000674130608663948,0.335907112057039,0.619,0.507,1,Type4,Hba-a2
0.00109682533613392,0.343201672787124,0.458,0.472,1,Type4,Ncam2
0.00136594323921986,0.286197202146169,0.455,0.455,1,Type4,Usp29
0.00172761618066763,0.28421767315157,0.409,0.365,1,Type4,Elmo1
0.00296145042239232,0.49716935054286,0.474,0.332,1,Type4,Arid5b
0.00344188571902976,0.254271350738843,0.761,0.724,1,Type4,Pde10a
0.00344261376818893,0.335402480807786,0.595,0.521,1,Type4,Xpr1
0.00496537366576811,0.668625394657996,0.431,0.286,1,Type4,Sema5a
0.00880095440380422,0.409488487862588,0.583,0.509,1,Type4,Tspan7
0.00932814420281581,0.269040175479511,0.353,0.281,1,Type4,Btg2
0.00967042902712631,0.254144757182305,0.772,0.702,1,Type4,Rps8
3.89018947182802e-180,0.575119957582093,0.89,0.451,7.78037894365605e-177,Type5,Gjc3
7.33085781077149e-177,0.29332366761999,0.848,0.266,1.4661715621543e-173,Type5,Ermn
2.23209039782453e-172,0.407827632406845,0.881,0.402,4.46418079564907e-169,Type5,Ugt8a
2.27087795649061e-168,0.323046058261673,0.864,0.413,4.54175591298122e-165,Type5,Aspa
4.91131718391825e-166,0.401362533124887,0.883,0.458,9.82263436783651e-163,Type5,Tspan2
4.6581148747392e-161,0.335052802715377,0.881,0.476,9.3162297494784e-158,Type5,Cldn11
2.02611061548302e-150,0.316686892221992,0.813,0.267,4.05222123096603e-147,Type5,Opalin
1.13592860666884e-147,0.630726322501321,0.869,0.519,2.27185721333769e-144,Type5,Mag
1.99631059910297e-147,0.254275861138615,0.85,0.446,3.99262119820593e-144,Type5,Apod
6.20122454060232e-146,0.414307988437655,0.881,0.479,1.24024490812046e-142,Type5,Mal
3.127490951097e-142,0.467129366692987,0.853,0.452,6.254981902194e-139,Type5,Sytl2
3.29127519157662e-142,0.327467943755587,0.89,0.586,6.58255038315324e-139,Type5,Trf
2.0982474083718e-141,0.538948737268429,0.893,0.52,4.1964948167436e-138,Type5,Cnp
2.41802701790777e-141,0.531632568276684,0.879,0.552,4.83605403581555e-138,Type5,Mobp
8.69909366940098e-140,0.273438264404821,0.874,0.551,1.7398187338802e-136,Type5,Gatm
2.91011421775748e-131,0.639671932709083,0.909,0.581,5.82022843551496e-128,Type5,Mbp
5.6649574171573e-131,0.375270004583054,0.869,0.56,1.13299148343146e-127,Type5,Gnb4
7.2123282600129e-130,0.343020505431765,0.862,0.559,1.44246565200258e-126,Type5,Cdk19
8.17344304758116e-129,0.266759393754894,0.862,0.534,1.63468860951623e-125,Type5,Fa2h
1.14399108237009e-123,0.263236058298594,0.862,0.478,2.28798216474019e-120,Type5,Myrf
6.33702000673061e-120,0.936580228741903,0.916,0.62,1.26740400134612e-116,Type5,Plp1
1.34036656858622e-110,0.278552615755221,0.864,0.595,2.68073313717245e-107,Type5,Dock10
2.32384440216362e-108,0.414986882095143,0.867,0.561,4.64768880432725e-105,Type5,Phldb1
2.22692379784962e-87,0.281312578389541,0.818,0.38,4.45384759569925e-84,Type5,Efnb3
1.47749633995118e-84,0.252703041467122,0.857,0.444,2.95499267990235e-81,Type5,Magt1
2.73079598763641e-80,0.695516452225481,0.9,0.463,5.46159197527281e-77,Type5,Car2
3.13369276189984e-78,0.371169262877618,0.799,0.367,6.26738552379969e-75,Type5,Ccp110
7.85410431948158e-69,0.466818500307097,0.937,0.64,1.57082086389632e-65,Type5,Scd2
8.09839067547288e-68,0.52819537664463,0.871,0.479,1.61967813509458e-64,Type5,Lcorl
9.88155163290625e-55,0.382652283466972,0.949,0.611,1.97631032658125e-51,Type5,Fnbp1
1.51682670256022e-54,0.53452183873425,0.928,0.587,3.03365340512044e-51,Type5,Septin4
3.83962772484545e-52,0.295210887869713,0.942,0.689,7.67925544969091e-49,Type5,Rrbp1
4.86944469570092e-50,0.303216876708972,0.846,0.471,9.73888939140183e-47,Type5,Hmgcs1
9.03176542755601e-42,0.309490612526534,0.902,0.591,1.8063530855112e-38,Type5,Tmeff2
4.42865097542924e-38,0.25688213174594,0.855,0.532,8.85730195085847e-35,Type5,Xiap
4.342995067619e-35,0.295873239099149,0.914,0.615,8.68599013523799e-32,Type5,Rpl37
2.76577938870937e-30,0.301155921683161,0.958,0.721,5.53155877741873e-27,Type5,Kndc1
3.31410439536787e-29,0.569740883142925,0.895,0.615,6.62820879073575e-26,Type5,Smad7
8.89575804486544e-27,0.256686653048872,0.808,0.49,1.77915160897309e-23,Type5,3110021N24Rik
1.05383810562214e-23,0.328460204191659,0.834,0.562,2.10767621124428e-20,Type5,Ncam1
1.04727854709455e-22,0.621533432468819,0.909,0.629,2.0945570941891e-19,Type5,Septin7
5.00401487141359e-21,0.354016763762656,0.769,0.478,1.00080297428272e-17,Type5,Ssbp2
1.25573217675808e-16,0.26404922358772,0.238,0.256,2.51146435351615e-13,Type5,Plekha2
2.56724950769498e-15,0.302700818701445,0.811,0.526,5.13449901538996e-12,Type5,Cacnb4
1.48214425265969e-13,0.344431842289157,0.925,0.714,2.96428850531938e-10,Type5,Auh
1.6734793837865e-13,0.291158828564356,0.979,0.821,3.346958767573e-10,Type5,Dnm3
6.89108169048573e-12,0.288390504514129,0.243,0.229,1.37821633809715e-08,Type5,Kitl
1.09958960506544e-11,0.522705101624254,0.657,0.485,2.19917921013087e-08,Type5,Mef2c
3.65102225190299e-11,0.627967706804951,0.722,0.613,7.30204450380598e-08,Type5,Il1rap
1.35275496267309e-10,0.292055964620259,0.318,0.325,2.70550992534618e-07,Type5,Sema6d
1.9545131057615e-10,0.633967918219202,0.678,0.598,3.909026211523e-07,Type5,Ptn
4.12379036502611e-10,0.440784297370944,0.963,0.836,8.24758073005222e-07,Type5,Plekha1
1.02555185413711e-09,0.273072328201911,0.864,0.636,2.05110370827422e-06,Type5,Cyld
3.63717347034629e-09,0.254196886206254,0.785,0.561,7.27434694069257e-06,Type5,Smc1a
5.15621887169601e-09,0.429215811644993,0.276,0.273,1.0312437743392e-05,Type5,Timp3
2.78006099885965e-08,0.262751622418997,0.881,0.703,5.56012199771931e-05,Type5,mt-Co3
2.95592284569972e-08,0.293417602958576,0.755,0.648,5.91184569139944e-05,Type5,Trpm3
3.16267174091938e-08,0.420140979252562,0.977,0.934,6.32534348183877e-05,Type5,Hsp90ab1
1.39910710404349e-07,0.426497667563265,0.301,0.218,0.000279821420808698,Type5,Cntn3
1.51380099354977e-07,0.405876790438727,0.977,0.819,0.000302760198709955,Type5,Mical3
3.01010245436964e-07,0.480617223549072,0.75,0.645,0.000602020490873929,Type5,Qk
3.31582791332811e-07,0.303666038551202,0.584,0.373,0.000663165582665622,Type5,Mettl23
7.00621533494101e-07,0.601635558392109,0.313,0.256,0.0014012430669882,Type5,Tac1
1.18286229421116e-06,0.39468265014512,0.846,0.735,0.00236572458842232,Type5,Git2
2.27683852056553e-06,0.676384827380232,0.563,0.43,0.00455367704113107,Type5,Cald1
2.85967250267086e-06,0.250538039371511,0.35,0.331,0.00571934500534173,Type5,Ddo
3.30486795985785e-06,0.299611342485633,0.776,0.6,0.00660973591971571,Type5,Mbnl1
5.67885670913028e-06,0.329074146847167,0.956,0.822,0.0113577134182606,Type5,Hsp90aa1
0.000413347657291505,0.305694543479382,0.808,0.678,0.82669531458301,Type5,Klhl2
0.00147478896764976,0.434424456694036,0.629,0.594,1,Type5,Sash1
0.00194886460574397,0.266616056975868,0.902,0.794,1,Type5,App
0.00226624705467643,0.312157705376698,0.776,0.725,1,Type5,Tulp4
0.00305720895292659,0.294302544606557,0.988,0.868,1,Type5,Pex5l
0.00357194060636292,0.351512626351167,0.729,0.694,1,Type5,Jph1
0.00390767020235456,0.402618772182785,0.381,0.314,1,Type5,Igsf3
0.00401913118689677,0.503484135189567,0.367,0.167,1,Type5,Zfp536
0.0045375726828926,0.298207184332805,0.561,0.429,1,Type5,Usp2
0.00489921432260507,0.328964677802541,0.998,0.949,1,Type5,Cck
1.03019752128074e-68,1.82992584180075,0.977,0.72,2.06039504256148e-65,Type6,Pde10a
1.17984576667451e-66,1.41211693629119,1,0.891,2.35969153334902e-63,Type6,Ntrk2
2.24050091867003e-63,2.00313363306638,0.869,0.496,4.48100183734006e-60,Type6,Nr4a2
2.54933328275332e-50,1.55143401948932,0.847,0.429,5.09866656550663e-47,Type6,Bdnf
2.9489715291828e-42,1.21913213606994,0.79,0.48,5.89794305836559e-39,Type6,Nr4a3
1.50526528891625e-36,1.14729976674002,0.665,0.318,3.01053057783249e-33,Type6,Zdbf2
8.66584484524841e-31,0.793187700907247,1,0.97,1.73316896904968e-27,Type6,Dclk1
2.61614920394248e-30,1.16651854495091,0.938,0.789,5.23229840788496e-27,Type6,Chgb
3.61729883610518e-29,0.820726604149144,0.642,0.432,7.23459767221036e-26,Type6,Fosl2
1.67083749260591e-27,1.149402644924,0.767,0.536,3.34167498521182e-24,Type6,Tent5a
9.03552925158849e-26,1.00228764559782,0.739,0.494,1.8071058503177e-22,Type6,Cwc25
2.11021882182321e-25,1.07479655323649,0.705,0.402,4.22043764364643e-22,Type6,Adamts1
2.179824492499e-23,0.59396173777193,0.67,0.44,4.35964898499801e-20,Type6,Mlip
8.31534411009896e-23,0.894063018365058,0.557,0.281,1.66306882201979e-19,Type6,Btg2
2.09509830654148e-22,0.642143599203837,0.966,0.92,4.19019661308295e-19,Type6,Ptprn
5.7672450995626e-22,0.983364710690351,0.614,0.396,1.15344901991252e-18,Type6,Alkal2
7.12949859769825e-22,0.959043814626837,0.722,0.455,1.42589971953965e-18,Type6,Npas4
1.66280933959848e-20,0.596545392932451,0.557,0.372,3.32561867919696e-17,Type6,Fos
5.27975845977623e-20,0.667418848467262,0.983,0.933,1.05595169195525e-16,Type6,Plppr4
8.79480181979526e-19,0.788727983267642,0.881,0.781,1.75896036395905e-15,Type6,Epha10
4.22874604331023e-18,0.897576741457633,0.881,0.749,8.45749208662046e-15,Type6,Homer1
5.59948222205921e-17,0.457289445440831,1,0.97,1.11989644441184e-13,Type6,Snap25
7.63817427666032e-17,0.901440592956632,0.676,0.553,1.52763485533206e-13,Type6,Tbc1d1
1.44580489329882e-16,0.729153482226698,0.903,0.826,2.89160978659765e-13,Type6,Dmxl1
1.97780862510895e-16,0.725800970786542,0.886,0.731,3.9556172502179e-13,Type6,Hmgcr
6.8485441164531e-16,0.677298411242403,0.886,0.744,1.36970882329062e-12,Type6,Myo6
1.42212866181169e-15,0.687448698102404,0.83,0.714,2.84425732362337e-12,Type6,Lmo4
3.0740504468357e-15,0.688605122412973,0.83,0.693,6.1481008936714e-12,Type6,Eprs
5.71168827956477e-15,0.79101601347478,0.705,0.543,1.14233765591295e-11,Type6,Pam
3.5647163201202e-14,0.730208297011794,0.864,0.78,7.12943264024041e-11,Type6,Rgs7bp
4.44210478516847e-14,0.363796724558094,0.619,0.526,8.88420957033695e-11,Type6,Gadd45b
5.76354029240379e-14,0.625753410253391,0.784,0.68,1.15270805848076e-10,Type6,Sik2
5.99342933865752e-14,0.549639106812013,0.665,0.416,1.1986858677315e-10,Type6,Plpp6
6.04570842182421e-14,0.613496452228187,0.608,0.491,1.20914168436484e-10,Type6,Ptgs2
7.70076088091557e-14,0.651001796463476,0.841,0.744,1.54015217618311e-10,Type6,Brinp1
1.19031561107224e-13,0.73540385262634,0.835,0.7,2.38063122214448e-10,Type6,Ina
1.5715771724774e-13,0.686511834840237,0.733,0.608,3.14315434495479e-10,Type6,Kctd12
9.55904727060822e-13,0.451169749476079,0.989,0.97,1.91180945412164e-09,Type6,Asph
1.62913082134491e-12,0.428238349625073,0.67,0.469,3.25826164268981e-09,Type6,Vldlr
1.88730228782704e-12,0.373753760426856,0.545,0.456,3.77460457565408e-09,Type6,Mest
7.73118896590489e-12,0.583263803176365,0.682,0.518,1.54623779318098e-08,Type6,Syt4
8.14370612481504e-12,0.54677511004186,0.886,0.84,1.62874122496301e-08,Type6,Errfi1
2.70318172905675e-11,0.457949302068167,0.949,0.893,5.4063634581135e-08,Type6,Atp2a2
2.71352913628913e-11,0.555476523715271,0.915,0.907,5.42705827257826e-08,Type6,Igf1r
8.08979826107801e-11,1.07650094139008,0.636,0.632,1.6179596522156e-07,Type6,Scg2
1.40612640721919e-10,0.585712442171462,0.608,0.446,2.81225281443838e-07,Type6,Coq10b
1.70956672836081e-10,0.294505968492165,0.71,0.551,3.41913345672162e-07,Type6,Snx30
8.16330200269869e-10,0.508329132230599,0.795,0.706,1.63266040053974e-06,Type6,Slk
9.5100215671955e-10,0.343204357853104,0.568,0.38,1.9020043134391e-06,Type6,Kcnv1
1.01698428666368e-09,0.507722653239607,0.886,0.809,2.03396857332737e-06,Type6,Kdm7a
1.22185265359227e-09,0.492884575624395,0.903,0.855,2.44370530718453e-06,Type6,Klhl7
1.31208153910208e-09,0.497751848213093,0.676,0.611,2.62416307820417e-06,Type6,Tmeff2
1.31992127444124e-09,0.548259783424935,0.915,0.909,2.63984254888247e-06,Type6,Col11a1
1.62720600495479e-09,0.474638392998394,0.739,0.555,3.25441200990959e-06,Type6,Flrt2
2.09219829092473e-09,0.456127602823528,0.653,0.525,4.18439658184947e-06,Type6,Hdac9
2.8894008204319e-09,0.46371440887913,0.83,0.702,5.77880164086381e-06,Type6,Fam126b
5.4680675942468e-09,0.614376662342252,0.608,0.478,1.09361351884936e-05,Type6,Nap1l5
5.77463316255356e-09,0.642124087838873,0.71,0.708,1.15492663251071e-05,Type6,Ankrd33b
7.26557443361869e-09,0.514191723038373,0.756,0.732,1.45311488672374e-05,Type6,Palmd
1.3456063810544e-08,0.504569426229168,0.642,0.608,2.69121276210879e-05,Type6,Adgra1
2.20555650679566e-08,0.577556892855468,0.568,0.462,4.41111301359132e-05,Type6,Lats2
5.5735096116795e-08,0.557035852048748,0.648,0.548,0.00011147019223359,Type6,Slc2a3
1.54770776708254e-07,0.268247060639334,0.653,0.584,0.000309541553416509,Type6,Gadd45g
1.62985448689217e-07,0.447485726495945,0.67,0.674,0.000325970897378435,Type6,Spag4
2.003714997573e-07,0.414997603685816,0.75,0.613,0.000400742999514601,Type6,Ranbp2
2.02251478697877e-07,0.585968750537889,0.528,0.493,0.000404502957395755,Type6,Pcsk1
2.51571409914464e-07,0.451802285746641,0.96,0.949,0.000503142819828927,Type6,Tmem108
2.57695943406443e-07,0.454989428307385,0.733,0.691,0.000515391886812886,Type6,Pcdh17
3.16685239320702e-07,0.567593506763709,0.761,0.726,0.000633370478641405,Type6,Gpt2
3.31986483130422e-07,0.334101694778492,0.932,0.905,0.000663972966260845,Type6,Dmd
5.10937037413976e-07,0.37489653910779,0.938,0.898,0.00102187407482795,Type6,Hnrnpa2b1
5.31499185651123e-07,0.391008953215134,0.733,0.622,0.00106299837130225,Type6,Ncald
6.30383617870516e-07,0.431120441183733,0.727,0.637,0.00126076723574103,Type6,Myh10
9.52726365211691e-07,0.413747848233982,0.909,0.873,0.00190545273042338,Type6,Peg3
1.2249388935129e-06,0.280594581945783,0.835,0.725,0.0024498777870258,Type6,Syne1
1.91956871330737e-06,0.350034835423073,0.58,0.51,0.00383913742661474,Type6,Cpeb3
2.34329317408596e-06,0.316559737545968,0.801,0.684,0.00468658634817192,Type6,Btbd3
2.47463755681016e-06,0.446796139604245,0.767,0.722,0.00494927511362033,Type6,Kcna4
2.54250493330073e-06,0.274000587132607,0.602,0.588,0.00508500986660145,Type6,BC049715
2.82219375356317e-06,0.378119183431007,0.79,0.716,0.00564438750712634,Type6,Plk2
3.15184544109568e-06,0.270506380994629,0.557,0.438,0.00630369088219135,Type6,Pgap1
5.41075431884736e-06,0.482902581361259,0.79,0.727,0.0108215086376947,Type6,Tulp4
8.40847359923136e-06,0.302511023657356,0.818,0.776,0.0168169471984627,Type6,Osbpl6
8.85863887229269e-06,0.347598066151301,0.949,0.92,0.0177172777445854,Type6,Cnrip1
1.05400568378436e-05,0.344409902687661,0.591,0.527,0.0210801136756872,Type6,Fbxo33
1.37964792263679e-05,0.292050286308581,0.915,0.902,0.0275929584527358,Type6,Efr3b
1.63322338391529e-05,0.305409560106938,0.506,0.441,0.0326644676783058,Type6,Bcl6
1.93897324165379e-05,0.50934199586603,0.71,0.731,0.0387794648330758,Type6,Tgfb2
2.39788239358737e-05,0.275991078957065,0.716,0.674,0.0479576478717475,Type6,Iqgap1
3.12182276519763e-05,0.299678394112386,0.756,0.696,0.0624364553039527,Type6,Armcx3
3.65933487811547e-05,0.278016497226107,0.938,0.87,0.0731866975623093,Type6,2010300C02Rik
4.71369994415076e-05,0.308826722207784,0.619,0.658,0.0942739988830152,Type6,Galnt3
5.26100329629495e-05,0.306692835705283,0.847,0.772,0.105220065925899,Type6,Fbxw7
5.97066653726904e-05,0.316245709007808,0.665,0.675,0.119413330745381,Type6,Dusp5
8.95104797848939e-05,0.549026915358028,0.75,0.804,0.179020959569788,Type6,Sel1l3
9.61873435076091e-05,0.37599735204087,0.636,0.589,0.192374687015218,Type6,Ptprk
9.69544810569229e-05,0.290088463288984,0.568,0.536,0.193908962113846,Type6,Sqle
9.98897042259653e-05,0.351532609519901,0.58,0.52,0.199779408451931,Type6,Isca1
0.000143565976879627,0.305178561875028,0.949,0.923,0.287131953759253,Type6,Trhde
0.000200129067633265,0.344857626087009,0.602,0.573,0.400258135266531,Type6,Rap2a
0.000227453348015577,0.304327256556173,0.54,0.493,0.454906696031155,Type6,Nptx2
0.000228195111241071,0.404108774621609,0.756,0.806,0.456390222482141,Type6,Peak1
0.000373630237362999,0.259266804231831,0.824,0.714,0.747260474725999,Type6,Bcl11b
0.000387146060746178,0.380068074871795,0.733,0.701,0.774292121492356,Type6,Arl5b
0.000435898933474104,0.486174428298627,0.756,0.776,0.871797866948208,Type6,Nefl
0.000725797211192428,0.25961678846949,0.96,0.912,1,Type6,Epha4
0.000897136962523049,0.373746961707503,0.693,0.698,1,Type6,Zdhhc14
0.00172998955642783,0.262394889553286,0.705,0.698,1,Type6,Nrn1
0.00176363201028725,0.2700097633922,0.381,0.346,1,Type6,Arid5b
0.00206811588454457,0.254722945117544,0.602,0.581,1,Type6,Zswim6
0.00230169498449259,0.292588282644964,0.562,0.587,1,Type6,Ipmk
0.00263348630552368,0.336749825224177,0.75,0.728,1,Type6,Auh
0.00291617037504289,0.251786419533509,0.773,0.738,1,Type6,4930447C04Rik
0.00599815125071279,0.390899972717876,0.636,0.698,1,Type6,Nefm
5.13991078552952e-93,0.640644647352298,0.861,0.249,1.0279821571059e-89,Type7,Ednrb
7.57627820439818e-90,0.832867201911063,0.879,0.369,1.51525564087964e-86,Type7,Sox6
3.33638128020374e-88,0.751151331283998,0.873,0.404,6.67276256040749e-85,Type7,Gjb6
3.52425565656227e-86,1.02133945651139,0.913,0.46,7.04851131312453e-83,Type7,Cpne2
8.18248168337708e-85,2.57025117531564,0.948,0.595,1.63649633667542e-81,Type7,Atp1a2
1.05741222842726e-83,1.0134043619615,0.896,0.37,2.11482445685453e-80,Type7,Tcf7l2
1.03015010731503e-82,0.455303034086233,0.792,0.09,2.06030021463007e-79,Type7,Neu4
3.25710877655043e-80,0.643167358344829,0.884,0.246,6.51421755310086e-77,Type7,Daam2
1.29838679658593e-79,1.59857924671037,0.908,0.558,2.59677359317187e-76,Type7,Slc1a3
5.01298175549455e-79,1.00187646638392,0.902,0.576,1.00259635109891e-75,Type7,Slc7a10
2.37516626604127e-78,0.670621939012523,0.89,0.516,4.75033253208253e-75,Type7,S1pr1
4.72373262358221e-78,0.883079946021503,0.879,0.363,9.44746524716443e-75,Type7,Plxnb1
1.28994665003517e-77,0.762082601608084,0.89,0.533,2.57989330007034e-74,Type7,Pbxip1
1.89159386460481e-74,0.338849556957742,0.855,0.4,3.78318772920962e-71,Type7,Zic1
4.73878343990628e-74,0.846145203229505,0.908,0.433,9.47756687981256e-71,Type7,Slc6a1
4.33180980075565e-73,0.470087294701419,0.879,0.454,8.66361960151129e-70,Type7,Plce1
6.48900277697055e-72,0.638979287875268,0.832,0.315,1.29780055539411e-68,Type7,Slc13a4
8.7067498609827e-72,0.271561749211331,0.838,0.353,1.74134997219654e-68,Type7,Lef1
1.9256363254361e-71,0.654522445829762,0.861,0.386,3.8512726508722e-68,Type7,Cxcl14
5.92728613933173e-71,0.472724956441885,0.861,0.327,1.18545722786635e-67,Type7,Ccdc114
4.46956061056153e-70,0.304494659162127,0.844,0.332,8.93912122112306e-67,Type7,Zfhx3
2.26580802217209e-69,0.297685202749648,0.855,0.346,4.53161604434417e-66,Type7,Olig2
2.01997492092601e-68,0.397778400571056,0.884,0.367,4.03994984185202e-65,Type7,Slco1c1
6.35342260840817e-68,3.17606387816516,0.954,0.65,1.27068452168163e-64,Type7,Apoe
1.61006142442706e-67,0.328100847940712,0.85,0.285,3.22012284885413e-64,Type7,Mertk
2.07698691517769e-66,0.877144640658271,0.832,0.245,4.15397383035537e-63,Type7,Lrrtm3
1.80714475676799e-65,1.06791582316922,0.879,0.531,3.61428951353599e-62,Type7,Pdgfra
2.64847148190871e-65,0.621095669450731,0.861,0.44,5.29694296381742e-62,Type7,Cspg4
2.91731972234542e-65,0.364994692543979,0.873,0.453,5.83463944469084e-62,Type7,Fgfr2
9.23394153790544e-65,0.591543097031567,0.884,0.429,1.84678830758109e-61,Type7,Cmtm5
1.83456526849175e-64,0.282913373121773,0.792,0.256,3.6691305369835e-61,Type7,Gpr17
1.26957421569704e-63,0.588791335568182,0.844,0.453,2.53914843139407e-60,Type7,Cacng4
2.53314340174072e-63,0.870061205579982,0.908,0.519,5.06628680348145e-60,Type7,Cd9
7.96073524784488e-61,0.437350519308374,0.861,0.381,1.59214704956898e-57,Type7,Fnbp1l
5.60032294794438e-60,0.541674202821883,0.827,0.371,1.12006458958888e-56,Type7,Kank1
5.60990891916988e-60,0.939385989202912,0.884,0.545,1.12198178383398e-56,Type7,Arhgap31
7.26884283239104e-60,0.87446450350776,0.867,0.467,1.45376856647821e-56,Type7,Epb41l2
2.74856634976378e-59,0.602939874892203,0.867,0.481,5.49713269952757e-56,Type7,Eya1
8.12760549050274e-58,0.82946374211703,0.855,0.463,1.62552109810055e-54,Type7,Ppfibp1
2.51933736295115e-57,0.666415799722075,0.844,0.378,5.03867472590229e-54,Type7,Sox8
2.69275265087748e-57,0.709509339432203,0.867,0.479,5.38550530175495e-54,Type7,Slc7a11
1.05479834283144e-56,1.50888519567884,0.931,0.578,2.10959668566288e-53,Type7,Plpp3
2.01592111011307e-56,1.49795160032004,0.902,0.555,4.03184222022614e-53,Type7,Phkg1
7.33944892486642e-56,0.453703964402442,0.855,0.339,1.46788978497328e-52,Type7,Sox2
4.07247913585961e-55,0.252184128890746,0.803,0.295,8.14495827171922e-52,Type7,Tshz1
7.29548376489978e-55,0.291587760013319,0.821,0.422,1.45909675297996e-51,Type7,Amotl1
5.92360310843292e-54,0.258597878829123,0.815,0.414,1.18472062168658e-50,Type7,Ttc28
6.58275773482617e-54,0.456543695867897,0.867,0.527,1.31655154696523e-50,Type7,Tns3
1.01839611557758e-53,0.963164184143463,0.919,0.466,2.03679223115515e-50,Type7,Utp14b
2.37459515325002e-53,0.681257095546049,0.855,0.503,4.74919030650004e-50,Type7,Sox10
2.57417516360514e-53,0.330923458442755,0.838,0.43,5.14835032721028e-50,Type7,Slc38a3
7.80508144364932e-53,0.80961900097778,0.896,0.531,1.56101628872986e-49,Type7,Tead1
8.55564856123007e-53,0.267607826481666,0.844,0.435,1.71112971224601e-49,Type7,Myoc
3.48951886685252e-52,0.342775371870733,0.867,0.426,6.97903773370504e-49,Type7,Id4
9.3702135678451e-52,0.685391911260189,0.873,0.559,1.87404271356902e-48,Type7,Brinp3
1.32964161920305e-51,1.73522216023537,0.913,0.489,2.6592832384061e-48,Type7,Clu
2.64518656021949e-51,0.790368016747277,0.89,0.6,5.29037312043898e-48,Type7,Itpr2
4.71046052234224e-51,0.528840935123333,0.844,0.469,9.42092104468449e-48,Type7,Hepacam
5.06793605260962e-51,0.343510242667192,0.815,0.31,1.01358721052192e-47,Type7,Otx2
5.48683972989127e-50,1.07085921204126,0.827,0.415,1.09736794597825e-46,Type7,Bcas1
8.22012896441167e-49,0.374363426505549,0.832,0.327,1.64402579288233e-45,Type7,Ptchd4
1.99161400830713e-48,0.29528771144776,0.867,0.486,3.98322801661427e-45,Type7,Erbin
8.41203020772713e-48,0.718271550987368,0.78,0.176,1.68240604154543e-44,Type7,Csgalnact1
5.09946368614215e-47,0.524522535990463,0.884,0.542,1.01989273722843e-43,Type7,Nckap5
1.10870274434089e-46,0.361847981675579,0.855,0.421,2.21740548868178e-43,Type7,Nxph1
2.817943548117e-46,0.551057174826484,0.838,0.452,5.635887096234e-43,Type7,Pcdh15
3.53428487918497e-46,0.34405151834519,0.792,0.238,7.06856975836993e-43,Type7,Etv4
4.99038898531243e-46,0.39792395123202,0.85,0.468,9.98077797062485e-43,Type7,Sorcs1
4.24292934241692e-45,0.288521673299572,0.798,0.421,8.48585868483385e-42,Type7,Tshz2
6.60664228537517e-45,0.687977681654765,0.838,0.448,1.32132845707503e-41,Type7,Cd63
3.07135003002187e-44,1.37197699637362,0.855,0.472,6.14270006004373e-41,Type7,Gjc3
2.53550622925647e-43,0.670093784881691,0.908,0.524,5.07101245851294e-40,Type7,Chd7
4.4473859128039e-43,1.47507050678121,0.913,0.556,8.89477182560781e-40,Type7,Acsl3
5.81338325711341e-43,0.319548269209128,0.792,0.23,1.16267665142268e-39,Type7,Gm9925
1.00846717536247e-42,0.253266598605897,0.827,0.286,2.01693435072494e-39,Type7,Chn2
2.10440754737405e-41,0.263388545163743,0.855,0.441,4.2088150947481e-38,Type7,Csrp1
5.44448538193805e-41,0.396195923827527,0.855,0.494,1.08889707638761e-37,Type7,Gm2a
9.15359876899792e-41,0.671293576466479,0.884,0.605,1.83071975379958e-37,Type7,Cd27
2.02079014822876e-40,0.280305067897635,0.803,0.394,4.04158029645752e-37,Type7,Cit
2.25514412670435e-40,1.66728234557421,0.884,0.634,4.5102882534087e-37,Type7,Enpp2
2.90557748487387e-40,0.559969916494571,0.884,0.58,5.81115496974773e-37,Type7,Klhl5
9.33085545421822e-40,0.447063705132187,0.728,0.282,1.86617109084364e-36,Type7,Id3
2.61592775532747e-39,1.58944178160986,0.954,0.783,5.23185551065495e-36,Type7,Ntm
3.15728751807032e-39,0.481695352142061,0.873,0.379,6.31457503614064e-36,Type7,Serpine2
3.75725646390998e-38,0.376519400890853,0.705,0.238,7.51451292781997e-35,Type7,Igfbp2
3.92283634185995e-38,0.378567228337635,0.861,0.465,7.84567268371991e-35,Type7,Pik3r1
1.97446482612099e-37,0.790128363676505,0.89,0.638,3.94892965224198e-34,Type7,Pla2g7
4.71735630304037e-37,0.794654952483698,0.798,0.377,9.43471260608074e-34,Type7,Prlr
6.82208938784094e-37,0.451049884049242,0.815,0.377,1.36441787756819e-33,Type7,Sccpdh
9.79649915934414e-37,0.565475284995781,0.832,0.556,1.95929983186883e-33,Type7,Mpp7
1.7934021818914e-36,0.533058430244743,0.746,0.26,3.58680436378281e-33,Type7,Camk2d
2.83123172428678e-36,0.852156623900727,0.873,0.439,5.66246344857355e-33,Type7,Gja1
3.29459412474766e-36,2.03659827031032,0.931,0.621,6.58918824949532e-33,Type7,Cspg5
5.48501109794538e-36,0.709353509428626,0.89,0.51,1.09700221958908e-32,Type7,Col9a3
7.65862712565548e-36,0.276435526991692,0.879,0.641,1.5317254251311e-32,Type7,Slc30a10
9.03434021364753e-36,0.305310694651889,0.838,0.479,1.80686804272951e-32,Type7,Vav3
2.56417253598007e-35,2.78746234282699,0.954,0.656,5.12834507196015e-32,Type7,Slc1a2
6.2344413820619e-35,0.38122031790513,0.827,0.414,1.24688827641238e-31,Type7,Fras1
6.59682273279171e-35,0.696696533950142,0.855,0.53,1.31936454655834e-31,Type7,Ptgds
1.1645722678943e-34,0.257542913342035,0.861,0.509,2.32914453578859e-31,Type7,Cgnl1
1.58139798082245e-34,0.447781034963745,0.85,0.588,3.1627959616449e-31,Type7,Mtss1
1.20119287586911e-33,0.448266396308338,0.827,0.368,2.40238575173823e-30,Type7,Maml2
1.73576014394154e-33,0.255603124198819,0.85,0.566,3.47152028788308e-30,Type7,Gatm
2.52116831065776e-33,0.274689317484964,0.815,0.463,5.04233662131553e-30,Type7,Pex11a
3.41666773325901e-33,0.361575550141384,0.861,0.453,6.83333546651802e-30,Type7,Tmem72
3.82519953813956e-33,0.319168009073663,0.821,0.472,7.65039907627912e-30,Type7,Ptprt
1.32534488314158e-32,0.56741443009517,0.85,0.497,2.65068976628316e-29,Type7,Stard9
3.04910394696725e-32,0.86069839127975,0.896,0.615,6.0982078939345e-29,Type7,Gpr37l1
5.35324833098963e-32,0.494907907225297,0.879,0.606,1.07064966619793e-28,Type7,Dock10
6.11384580125367e-32,0.569989964116715,0.844,0.539,1.22276916025073e-28,Type7,Edil3
2.47843522361125e-30,0.511803477114128,0.861,0.623,4.9568704472225e-27,Type7,Smad1
1.45572790332798e-29,0.844674091585736,0.902,0.58,2.91145580665595e-26,Type7,Msmo1
2.28200208954018e-29,1.0253687450769,0.792,0.389,4.56400417908036e-26,Type7,Bcl2
2.33258603161233e-29,1.36755676586619,0.879,0.596,4.66517206322467e-26,Type7,Mbp
4.69764376154378e-29,0.401533558528804,0.832,0.506,9.39528752308756e-26,Type7,Matn4
1.5028697905866e-28,0.265578848678344,0.879,0.519,3.00573958117319e-25,Type7,Prkrip1
1.70669725395273e-28,0.953806056501284,0.809,0.429,3.41339450790545e-25,Type7,Grid2
1.8848883597246e-28,0.253846264970502,0.821,0.469,3.76977671944921e-25,Type7,Aldh1a1
2.28157745191741e-28,0.444590370629817,0.809,0.326,4.56315490383483e-25,Type7,Tex9
4.07506413237816e-28,0.406912681887367,0.879,0.53,8.15012826475631e-25,Type7,Tceal3
9.14869279143324e-28,0.262345315900622,0.63,0.243,1.82973855828665e-24,Type7,Pomc
2.80098943466331e-27,0.335325784935811,0.832,0.526,5.60197886932663e-24,Type7,Atp1b2
7.16410018329658e-27,0.533496048987826,0.861,0.513,1.43282003665932e-23,Type7,Zmiz1
1.32060652659699e-26,2.73071079816345,0.948,0.643,2.64121305319398e-23,Type7,Cst3
1.80695214758397e-26,0.658950359244307,0.821,0.481,3.61390429516794e-23,Type7,Ccdc82
1.96849388668047e-26,0.277551451460927,0.827,0.461,3.93698777336094e-23,Type7,Chdh
2.15973418080755e-26,0.345119929385367,0.832,0.581,4.31946836161509e-23,Type7,Emx2
3.96930105602776e-26,1.47246754786496,0.925,0.535,7.93860211205552e-23,Type7,Sparcl1
1.21239142577182e-25,0.455406112357309,0.815,0.396,2.42478285154364e-22,Type7,Mylk
1.56848635899634e-25,0.531843441217383,0.769,0.364,3.13697271799268e-22,Type7,Pdzd2
1.21749103238785e-24,0.358803383189051,0.873,0.526,2.43498206477571e-21,Type7,Pitpnc1
2.63423194914745e-24,1.25894227912376,0.913,0.497,5.2684638982949e-21,Type7,Msi2
6.42265043027944e-24,1.19091033758505,0.942,0.653,1.28453008605589e-20,Type7,Scd2
6.68520873200689e-23,0.826056918309068,0.85,0.478,1.33704174640138e-19,Type7,Sox4
8.31669397503136e-23,0.649193255501088,0.723,0.453,1.66333879500627e-19,Type7,Aqp4
2.27444647745098e-21,0.260810220034108,0.15,0.323,4.54889295490195e-18,Type7,mt-Nd5
4.95383233849756e-21,0.452870388039237,0.827,0.516,9.90766467699512e-18,Type7,Cnst
7.6354733576769e-21,0.312611032283417,0.162,0.263,1.52709467153538e-17,Type7,Tac1
1.01698958416341e-20,0.343632047347519,0.798,0.5,2.03397916832681e-17,Type7,Ap1s2
2.39382436951837e-20,0.263201944569993,0.786,0.464,4.78764873903674e-17,Type7,Cgn
2.87007724660689e-20,0.257680848816037,0.855,0.561,5.74015449321378e-17,Type7,Calcrl
5.45090885684336e-20,0.37228887788456,0.711,0.425,1.09018177136867e-16,Type7,Sh3pxd2b
5.94684885279468e-20,0.540773911777182,0.873,0.62,1.18936977055894e-16,Type7,Agl
6.68233123742186e-20,0.544238554847259,0.85,0.551,1.33646624748437e-16,Type7,Olig1
7.26153539850859e-20,0.814448377027574,0.89,0.634,1.45230707970172e-16,Type7,Plp1
5.73128051437042e-19,0.615845365704444,0.803,0.425,1.14625610287408e-15,Type7,Marcks
5.99656344883942e-19,0.283247281262443,0.757,0.37,1.19931268976788e-15,Type7,Unc13c
1.30688479565476e-18,1.9399883502632,0.821,0.473,2.61376959130953e-15,Type7,Ptprz1
6.32816064295807e-18,0.562438092283566,0.85,0.511,1.26563212859161e-14,Type7,Pdia3
1.56959980903689e-17,0.342911072082933,0.15,0.389,3.13919961807379e-14,Type7,Satb1
3.5940857375502e-17,0.28017799166445,0.855,0.529,7.18817147510039e-14,Type7,Tmco3
5.79900079232089e-17,0.906250164675501,0.873,0.573,1.15980015846418e-13,Type7,Ncam1
6.79259229888975e-17,0.388150805659597,0.798,0.474,1.35851845977795e-13,Type7,Dbi
1.20499432515951e-16,0.767077934068598,0.85,0.529,2.40998865031903e-13,Type7,Lima1
1.68120701868355e-16,0.385973778320854,0.832,0.584,3.36241403736709e-13,Type7,Adcyap1r1
6.98806290106193e-16,0.298268895968335,0.26,0.446,1.39761258021239e-12,Type7,mt-Nd2
1.08962233492573e-15,0.526174236979215,0.873,0.551,2.17924466985145e-12,Type7,Zfp462
1.95941802036656e-15,0.698174343004202,0.896,0.62,3.91883604073311e-12,Type7,Rps24
2.07917052529906e-15,0.477943103667572,0.855,0.582,4.15834105059812e-12,Type7,Minar2
2.77274620250145e-15,0.445400332395318,0.855,0.534,5.54549240500291e-12,Type7,Mios
4.51427679021628e-15,0.29806910929475,0.682,0.353,9.02855358043256e-12,Type7,Ndst3
1.43913779320457e-14,0.440738938991333,0.578,0.239,2.87827558640915e-11,Type7,Pcdh11x
1.47193953608634e-14,0.694445519938276,0.884,0.574,2.94387907217269e-11,Type7,Smarca2
3.11740466299932e-14,0.521757172322472,0.902,0.654,6.23480932599863e-11,Type7,Shisa4
5.98173277043174e-14,0.970133894782066,0.879,0.587,1.19634655408635e-10,Type7,mt-Nd1
6.13386632722064e-14,0.888538441890969,0.393,0.566,1.22677326544413e-10,Type7,Htr2c
1.21728407691081e-13,0.65471273867779,0.584,0.293,2.43456815382162e-10,Type7,Grin3a
1.49742691293367e-13,0.283327131057781,0.266,0.512,2.99485382586734e-10,Type7,Trpm4
2.65992039075745e-13,0.60955368846339,0.694,0.439,5.31984078151491e-10,Type7,Btbd17
6.22823640679009e-13,0.323011488356497,0.85,0.624,1.24564728135802e-09,Type7,Ccdc86
7.12908321391394e-13,0.670110184709669,0.89,0.684,1.42581664278279e-09,Type7,Cuedc1
2.13169383691675e-12,0.464055473814982,0.636,0.287,4.26338767383349e-09,Type7,B4galt1
8.48110911593556e-12,0.264523925810568,0.78,0.473,1.69622182318711e-08,Type7,Nap1l5
1.88251175731507e-11,0.634677266122365,0.815,0.485,3.76502351463014e-08,Type7,Car2
2.08653725199901e-11,0.28383617877348,0.723,0.51,4.17307450399803e-08,Type7,Fxyd6
2.52015842192284e-11,1.19422503611878,0.908,0.563,5.04031684384568e-08,Type7,Ttyh1
2.06652845625485e-10,0.281698777687226,0.133,0.21,4.13305691250971e-07,Type7,Blnk
2.54037618976823e-10,0.424372823788302,0.838,0.57,5.08075237953646e-07,Type7,Smc1a
5.04224707110926e-10,0.582137293357858,0.283,0.358,1.00844941422185e-06,Type7,Ikzf2
5.25599166921375e-10,0.359068637655183,0.844,0.559,1.05119833384275e-06,Type7,Fam228b
7.09953019085903e-10,0.271443003846191,0.855,0.538,1.41990603817181e-06,Type7,Xylt1
8.35448241086886e-10,0.667984059350867,0.85,0.526,1.67089648217377e-06,Type7,Zeb1
2.60002316362826e-09,0.861419462956585,0.792,0.508,5.20004632725652e-06,Type7,Tspan7
3.3809993640762e-09,0.580825934023796,0.179,0.276,6.76199872815241e-06,Type7,Timp3
6.08078546898733e-09,0.303728879134285,0.329,0.491,1.21615709379747e-05,Type7,Tspan3
6.95524809004254e-09,0.609171053350216,0.919,0.677,1.39104961800851e-05,Type7,Trps1
7.12207051897997e-09,0.329806520584132,0.838,0.526,1.42441410379599e-05,Type7,Lrif1
7.16490658244995e-09,0.291954550668338,0.318,0.45,1.43298131648999e-05,Type7,Soat1
9.74985704067337e-09,0.372674917476878,0.867,0.683,1.94997140813467e-05,Type7,Map1s
1.28623123143561e-08,0.498616851149588,0.225,0.193,2.57246246287121e-05,Type7,Arhgap6
4.81253837941491e-08,0.774683087751667,0.913,0.701,9.62507675882983e-05,Type7,Rrbp1
4.95624068507527e-08,0.39122637585341,0.387,0.482,9.91248137015054e-05,Type7,Cyp2d22
5.03783477489114e-08,0.271074350665167,0.734,0.443,0.000100756695497823,Type7,Zfp945
5.80546640289707e-08,0.442974410050314,0.89,0.649,0.000116109328057941,Type7,Nnat
6.35096516540147e-08,3.12843950282966,0.913,0.789,0.000127019303308029,Type7,Ttr
9.30662798111889e-08,0.482499387649386,0.197,0.277,0.000186132559622378,Type7,Syn3
3.49195792472876e-07,0.319301600387097,0.168,0.232,0.000698391584945753,Type7,Kitl
1.09135921951407e-06,0.356607090339203,0.89,0.681,0.00218271843902815,Type7,Tsc22d4
1.22168686730521e-06,0.468187806733514,0.792,0.55,0.00244337373461042,Type7,0610012G03Rik
1.33718477454549e-06,0.261691814688348,0.11,0.257,0.00267436954909097,Type7,Slc8a3
1.52810310955236e-06,0.28019149203233,0.277,0.235,0.00305620621910471,Type7,Pim1
1.63886639816787e-06,0.637470078207992,0.902,0.68,0.00327773279633574,Type7,Med13
2.03416564008926e-06,0.72923720120616,0.59,0.412,0.00406833128017852,Type7,Gpc5
2.88946341431097e-06,0.374875331908734,0.538,0.735,0.00577892682862195,Type7,Tulp4
2.94008823029985e-06,0.439382705389032,0.896,0.644,0.0058801764605997,Type7,Zfp106
3.09703719924681e-06,0.312179488038165,0.78,0.524,0.00619407439849361,Type7,Reep3
3.46792369236962e-06,0.423608572475876,0.844,0.557,0.00693584738473925,Type7,Ppp2r3a
3.91008755554944e-06,0.44172728256873,0.908,0.729,0.00782017511109887,Type7,Cdh10
4.4666696690414e-06,0.856667822459152,0.555,0.338,0.0089333393380828,Type7,Asap2
5.19950077900274e-06,0.4536571140743,0.202,0.225,0.0103990015580055,Type7,Cntn3
6.50685330718242e-06,0.550667642834888,0.566,0.322,0.0130137066143648,Type7,Pik3ip1
9.93846404238432e-06,0.359083744340706,0.884,0.707,0.0198769280847686,Type7,Bsg
1.00007041189578e-05,0.532991984429539,0.873,0.691,0.0200014082379157,Type7,Sntg1
1.37719493810821e-05,0.278034732026606,0.295,0.375,0.0275438987621642,Type7,Cmya5
1.63558055463178e-05,0.338200232372543,0.306,0.508,0.0327116110926355,Type7,Nptxr
1.71356068765039e-05,0.287680400789417,0.272,0.349,0.0342712137530079,Type7,Atoh7
1.84507273577876e-05,0.302369496222485,0.509,0.286,0.0369014547155753,Type7,Stxbp3
1.84584557545349e-05,0.324661983310549,0.861,0.624,0.0369169115090698,Type7,Ccdc34
1.90343200828718e-05,0.286874589687484,0.803,0.557,0.0380686401657437,Type7,Amer1
2.07880988209726e-05,0.46931662199743,0.769,0.448,0.0415761976419452,Type7,Ecrg4
2.28451727248482e-05,0.342681433412168,0.855,0.593,0.0456903454496965,Type7,D3Ertd751e
2.29004507263408e-05,0.673541762353784,0.335,0.46,0.0458009014526816,Type7,Sat1
2.33155367229395e-05,0.422992118090908,0.434,0.477,0.0466310734458789,Type7,Slc4a2
2.37740523282199e-05,0.522177753521105,0.191,0.309,0.0475481046564399,Type7,Inhba
2.40385900890443e-05,0.413611826555344,0.382,0.409,0.0480771801780885,Type7,Cdh13
2.45504586228872e-05,1.66954167672505,0.78,0.649,0.0491009172457743,Type7,Qk
2.88221551366159e-05,0.598064874562506,0.214,0.322,0.0576443102732317,Type7,Igsf3
3.00882451040659e-05,0.67548347592316,0.503,0.309,0.0601764902081317,Type7,Vangl2
5.82034949153098e-05,0.319255766181682,0.688,0.472,0.11640698983062,Type7,Dph5
7.09276389249429e-05,0.63696062449115,0.387,0.514,0.141855277849886,Type7,Slc4a4
8.28305256994369e-05,0.253108427171048,0.647,0.54,0.165661051398874,Type7,Camk1
8.54158911653786e-05,0.515660578733604,0.879,0.642,0.170831782330757,Type7,Pggt1b
8.80485367756833e-05,0.305591991296727,0.89,0.798,0.176097073551367,Type7,Luzp2
0.000110019582293466,0.40083602466097,0.451,0.683,0.220039164586932,Type7,Sec62
0.000118047467054914,0.609768881263535,0.277,0.178,0.236094934109828,Type7,Zfp536
0.000142828503939083,0.321284156876976,0.838,0.649,0.285657007878166,Type7,Mttp
0.000172894912735101,0.452004989861792,0.225,0.327,0.345789825470203,Type7,Sema6d
0.000194173452516571,0.36749611714526,0.659,0.449,0.388346905033141,Type7,Cilk1
0.000195420645680864,0.257823308675365,0.769,0.543,0.390841291361728,Type7,Zkscan1
0.000201338691882301,0.398594590273216,0.474,0.692,0.402677383764602,Type7,mt-Co1
0.000205316033758743,0.435584791043116,0.827,0.551,0.410632067517486,Type7,Ctnnal1
0.000231039410056914,0.380373503674981,0.751,0.576,0.462078820113828,Type7,Spcs2
0.000308617254464393,0.642133625283484,0.844,0.64,0.617234508928786,Type7,Rplp1
0.000383504841769751,0.46090124778106,0.902,0.739,0.767009683539501,Type7,Gkap1
0.000513058210314004,0.471992932523266,0.879,0.652,1,Type7,Fau
0.000674056022936387,0.500449791535548,0.63,0.449,1,Type7,Jun
0.000676208283800236,0.715528010097538,0.925,0.711,1,Type7,Arhgap5
0.000725937753919113,0.272813905178401,0.416,0.541,1,Type7,Hsp90b1
0.0010553951617981,0.351072669202366,0.734,0.506,1,Type7,Nucks1
0.0012089467868058,0.562643346938642,0.41,0.545,1,Type7,mt-Nd4
0.00121149100063271,0.753137974188681,0.324,0.246,1,Type7,Adgrl2
0.00138358775687122,0.373566734356462,0.879,0.708,1,Type7,Mgll
0.00164342217215692,0.367867985246334,0.445,0.57,1,Type7,Dock3
0.00173734311337155,0.311812386457975,0.462,0.664,1,Type7,Dgkh
0.00179230898219419,0.491922494310273,0.954,0.978,1,Type7,Actb
0.00192885211007187,0.254762004143154,0.543,0.585,1,Type7,Emc7
0.00193821247851574,0.845055349395957,0.786,0.65,1,Type7,mt-Co2
0.00217741895364919,0.490600619911347,0.387,0.235,1,Type7,Samd4
0.00236035014378886,0.312477298619799,0.566,0.785,1,Type7,Phip
0.00264479016261955,0.307713495915818,0.301,0.428,1,Type7,Kcnb2
0.00300890543474673,0.493155578087799,0.647,0.435,1,Type7,Pou3f3
0.00359240868041575,0.280219816142832,0.584,0.77,1,Type7,Ntsr2
0.00412642551340755,0.302149828403403,0.89,0.923,1,Type7,Mef2a
0.00435030802340434,0.358438995436718,0.728,0.723,1,Type7,Ptpre
0.00450658144476086,0.32238746676119,0.838,0.647,1,Type7,Sowaha
0.00477826949171149,0.448568189970309,0.855,0.722,1,Type7,Tgs1
0.00478171711902443,0.575074349069921,0.838,0.646,1,Type7,Fut9
0.00492338547438693,0.694790673919044,0.399,0.441,1,Type7,Cald1
0.00493374559110821,0.299106274265096,0.734,0.497,1,Type7,Brwd3
0.00531899812009756,0.320075154317856,0.902,0.951,1,Type7,Tmem108
0.00539048656164446,0.413898577433323,0.543,0.365,1,Type7,Hlf
0.00706235037996156,0.529112952435822,0.913,0.809,1,Type7,Pid1
0.00706500745854645,0.625984746027323,0.919,0.83,1,Type7,Dnm3
0.00787028773812998,0.648215888080744,0.803,0.61,1,Type7,Tnr
0.00910237526126384,0.519435173543916,0.879,0.779,1,Type7,Pdcd4
0.00947483800750045,0.278940838007999,0.532,0.73,1,Type7,Klf9
