"","p_val","avg_log2FC","pct.1","pct.2","p_val_adj"
"Sphkap",0,-1.269640025998,0.261,0.745,0
"Cacnb2",0,-1.19370758007868,0.412,0.84,0
"Nebl",0,-1.11550570446363,0.719,0.956,0
"Snhg11",0,-1.29588312361171,0.989,0.995,0
"Sms",0,-1.18820484719658,0.6,0.924,0
"Trim2",0,-1.11851500867674,0.611,0.933,0
"Asph",0,-1.37687943601603,0.677,0.931,0
"Epha5",0,0.820945804661653,0.999,0.975,0
"Akap13",0,-2.79282649729883,0.28,0.924,0
"Socs2",0,-1.22984970396569,0.191,0.703,0
"Cpne7",0,-2.78641141656867,0.189,0.901,0
"Cpne6",0,-1.92798738272289,0.302,0.882,0
"Opcml",0,-1.57270903089074,0.557,0.923,0
"Adcy1",0,1.20537205607408,0.963,0.822,0
"Rpl26",0,-1.30291418132932,0.27,0.758,0
"Igfbp4",0,2.13898757641616,0.67,0.094,0
"Brd9",0,-0.981633838055124,0.879,0.974,0
"Mef2c",0,1.67400171958002,0.642,0.183,0
"Ddx17",0,0.879254900821647,0.978,0.93,0
"Kalrn",0,0.621207668178229,0.996,0.974,0
"Cadm2",0,1.42340570638306,0.953,0.798,0
"Trpm3",0,1.5652826296552,0.78,0.352,0
"Spaar",3.60560418072591e-304,1.42455776317348,0.41,0.02,5.32042952907916e-300
"Elavl2",2.30299172635473e-301,-1.1393007467395,0.371,0.843,3.39829459140904e-297
"Grik4",2.36704965541909e-297,-1.19113535283442,0.164,0.648,3.49281847153641e-293
"Celf2",1.84910374932128e-290,0.619222016601472,0.995,0.978,2.72853749249848e-286
"Notch2",1.06970211678587e-289,1.54921207803226,0.473,0.071,1.57845244352922e-285
"Tenm2",3.6783762792853e-282,-1.20213235173424,0.027,0.427,5.42781203771338e-278
"Rnf182",9.31802782625073e-281,-1.29039415317707,0.365,0.785,1.37496818604156e-276
"Gpi1",6.16813285902662e-280,-1.10143382575782,0.568,0.887,9.10169684677968e-276
"Dock4",1.126084110851e-277,-0.725395133956555,0.905,0.968,1.66164971397174e-273
"Cald1",2.35520625842213e-275,1.45616928774772,0.503,0.096,3.47534235492769e-271
"Nos1ap",3.99460102990768e-272,-0.94557270891846,0.712,0.934,5.89443327973178e-268
"Echdc2",1.45760820240548e-266,-1.24093693668132,0.244,0.691,2.15084666346953e-262
"Gm2115",2.48918862649853e-264,-1.15017924886084,0.074,0.49,3.67304673726122e-260
"Tafa1",4.42791866236367e-260,-0.768431494280808,0.949,0.961,6.53383677818383e-256
"Col4a2",2.12903626082286e-259,-1.18771838283374,0.332,0.743,3.14160590647021e-255
"Peak1",3.71597309731789e-255,-1.18614231326545,0.088,0.497,5.48328990240228e-251
"Adgrl2",3.79120772233494e-255,1.36919248620914,0.358,0.017,5.59430611507744e-251
"Col11a1",1.7335527695472e-253,-1.33065611764866,0.267,0.703,2.55803046674384e-249
"Slc4a3",3.54870135094883e-248,-1.00738828245606,0.457,0.834,5.2364637134601e-244
"Grin2a",9.67068222098354e-245,-0.646264096648639,0.945,0.973,1.42700586852833e-240
"Samd5",3.51521528582542e-243,-1.08616200759418,0.125,0.543,5.18705167576398e-239
"Chka",1.35558318391756e-239,-0.747464021324007,0.878,0.965,2.00029854618876e-235
"Arhgap6",7.87357192672652e-238,1.35822205183928,0.312,0.005,1.16182427350777e-233
"Fat3",9.35656771250545e-236,1.03194587780061,0.853,0.702,1.3806551316573e-231
"Cacna1d",1.57501617821179e-234,-0.817798183210985,0.755,0.935,2.32409387256932e-230
"Zfp536",1.39190916320062e-227,1.06070554889829,0.328,0.014,2.05390116121884e-223
"Efr3b",5.13655185666973e-227,-1.02507245541651,0.344,0.736,7.57949591970185e-223
"Plcb1",1.06726215804833e-225,-0.951635460335764,0.471,0.836,1.57485204041612e-221
"R3hdm1",1.43541779094203e-220,0.542564685506683,0.992,0.981,2.11810249231406e-216
"Ube3a",1.32836741933018e-218,-0.576492405716993,0.975,0.981,1.96013896396362e-214
"Dclk1",2.17094349158163e-218,0.725219691000785,0.977,0.939,3.20344421617785e-214
"Ints6l",1.46234569403729e-217,1.0448875217579,0.78,0.56,2.15783730612143e-213
"Onecut2",1.23881057187041e-216,-1.00852721693452,0.269,0.687,1.82798887985198e-212
"Atp6v0b",7.80813846245725e-209,-0.494737479122466,0.986,0.991,1.15216891152019e-204
"Ccnd2",1.52526046482125e-207,-1.33454539158934,0.195,0.583,2.25067434189024e-203
"Camkv",5.3735099193087e-207,-0.757162070831249,0.774,0.937,7.92915123693191e-203
"Auts2",1.04517063622374e-206,-0.501274413642146,0.985,0.988,1.54225379081176e-202
"Syn2",6.99552516082329e-205,-0.96610312218955,0.364,0.743,1.03225969273108e-200
"Vxn",3.62492764112123e-204,-0.99359695929951,0.088,0.448,5.34894322723849e-200
"Unc80",1.46648255583984e-203,0.679372673089391,0.958,0.923,2.16394165939727e-199
"Ttr",1.97151575843141e-203,-1.48029155317107,0.039,0.367,2.90916865314138e-199
"Cpne8",1.579249743713e-200,-0.878667624708398,0.014,0.31,2.33034092182291e-196
"Igsf3",2.77803273328626e-200,1.12095532270163,0.358,0.049,4.0992651012372e-196
"Prdx6",2.06924018538016e-196,-0.993006350131949,0.274,0.668,3.05337081754696e-192
"Map3k15",6.57194196685845e-196,1.22784887536155,0.478,0.154,9.69755756629634e-192
"2010300C02Rik",1.52087112379549e-191,0.850959937808986,0.863,0.748,2.24419743027263e-187
"Pfkl",1.2306009175551e-189,-0.89584003889246,0.218,0.605,1.81587471394431e-185
"Pkp2",5.85141591133225e-188,-0.885337463711852,0.365,0.737,8.63434931876187e-184
"Igf1r",6.29769303502121e-188,-0.945799585961809,0.39,0.755,9.2928758424773e-184
"Kcna1",2.20499270275174e-187,-0.85244192861464,0.552,0.857,3.25368723218047e-183
"Scn1a",3.40326037736158e-187,-0.845624175759788,0.436,0.801,5.02185101283474e-183
"Sema6d",6.14314256932636e-187,0.98680818117739,0.312,0.031,9.06482117529798e-183
"Syne1",1.00447740625357e-185,0.997077534816363,0.766,0.556,1.48220686066777e-181
"Entpd6",1.31411372643218e-185,-0.934321098679181,0.349,0.71,1.93910621472332e-181
"Traip",3.26603166201801e-184,-0.932423639268637,0.162,0.529,4.81935632047378e-180
"Atp8a1",7.52913767383826e-183,0.845320486335243,0.841,0.706,1.11099955515157e-178
"Nmrk1",8.43065573053435e-183,-0.922787234312678,0.186,0.559,1.24402755959765e-178
"Cacna1e",2.08667673390778e-181,0.719091322282515,0.913,0.844,3.07910018855433e-177
"Ptn",4.83107546864854e-181,1.02908880457612,0.615,0.318,7.12873496153778e-177
"Cul4a",3.77268278724899e-180,-0.901129318548373,0.169,0.536,5.56697072086461e-176
"Rph3a",2.56735116327054e-179,1.00057287493367,0.342,0.053,3.78838337652201e-175
"5031439G07Rik",2.5832711261063e-178,-0.912132395568118,0.123,0.472,3.81187487368246e-174
"Scube1",4.48776254458732e-177,-0.898320128255604,0.013,0.28,6.62214241079305e-173
"Sash1",5.75177584684667e-177,1.13290457070658,0.627,0.348,8.48732043960695e-173
"Trpc5",1.39607335348807e-173,-0.882105004057713,0.292,0.665,2.060045840407e-169
"Parp8",1.41176011140288e-172,-0.807425965971498,0.011,0.27,2.08319322038609e-168
"Cntn3",1.16883706892358e-171,0.975505406334774,0.272,0.021,1.72473597890364e-167
"Osbpl3",2.44831383491681e-170,-0.912331602216831,0.098,0.423,3.61273189480324e-166
"Ntm",4.4094560364583e-170,-1.12316897183384,0.062,0.365,6.50659332739787e-166
"Tmem108",3.25364932360191e-169,-0.835562517241118,0.591,0.869,4.80108494190697e-165
"Timp4",2.01237079108362e-168,-0.886359271184178,0.2,0.566,2.96945433932298e-164
"Atp2a2",4.77012644592304e-167,0.732423073885086,0.889,0.819,7.03879858360403e-163
"Dpyd",1.63534695852837e-166,-0.851872338973505,0.121,0.453,2.41311797200446e-162
"Nrxn3",7.90666038066345e-166,-0.491218593102078,0.971,0.969,1.1667068057707e-161
"Gria2",6.40744184948635e-164,-0.254144763174423,0.999,0.99,9.45482119310206e-160
"Dync1i2",1.915780143965e-163,-0.693899595573042,0.759,0.919,2.82692518043475e-159
"Nrgn",2.13623471568919e-161,-0.836347993124233,0.394,0.75,3.15222794647097e-157
"Fgfr1",1.84347754470176e-159,-0.802213406346898,0.466,0.782,2.72023546496192e-155
"Syn3",2.45588673306877e-159,0.911315189000132,0.277,0.03,3.62390646331628e-155
"Il1rap",7.48630742633726e-159,1.03856819304679,0.621,0.367,1.10467952383033e-154
"Rnf165",8.75135715691334e-159,-0.715108785454099,0.649,0.888,1.29135026207413e-154
"Slc24a2",8.77671415784036e-159,0.603706482066974,0.941,0.913,1.29509194113092e-154
"Grb14",5.04838488792092e-156,-0.813355839541036,0.275,0.634,7.44939674061611e-152
"Wipf3",2.55591039562243e-155,0.574354262973459,0.969,0.933,3.77150137978046e-151
"Sox5",5.64257386901554e-154,-0.818019980807794,0.405,0.744,8.32618200111934e-150
"Arhgef26",8.39545829720361e-154,-0.735490008296345,0.6,0.857,1.23883382633536e-149
"Ly6e",2.42608923985336e-151,-0.743264865453211,0.542,0.831,3.57993728232761e-147
"Rapgef4",1.81815594544135e-147,0.798604297541493,0.806,0.657,2.68287091309325e-143
"Pabpn1",6.59020675953846e-144,-0.633338727600923,0.705,0.922,9.72450909437495e-140
"Gria1",1.2340187903452e-141,0.50846961011063,0.972,0.956,1.82091812703338e-137
"Rasl11b",9.76141951503851e-141,-0.779907786701663,0.223,0.563,1.44039506363908e-136
"Stard5",1.90248205480701e-140,-0.816195669681398,0.314,0.65,2.80730252007322e-136
"Trank1",4.68334341482182e-140,0.793455399537262,0.795,0.66,6.91074154291108e-136
"Mtdh",2.76064102043394e-139,0.73470064810675,0.838,0.736,4.07360188975232e-135
"Gabra2",9.3336283681117e-139,-0.729691562732641,0.466,0.782,1.37727020199856e-134
"Dapk1",1.40954161487312e-137,0.759207473179343,0.802,0.66,2.07991960690678e-133
"Hnrnpu",4.40071570614513e-136,0.59701838055753,0.915,0.887,6.49369609598776e-132
"Tenm4",7.66566480375378e-136,-0.749361805837655,0.109,0.403,1.13114549844191e-131
"Dpp6",1.02192146428238e-135,0.627144121078955,0.906,0.84,1.50794731269509e-131
"Mas1",1.88328651784925e-134,-0.745786529976178,0.159,0.469,2.77897758573835e-130
"Col4a1",3.32948040244208e-133,-0.785481468899568,0.343,0.66,4.91298128184354e-129
"Rb1",5.85075717616231e-133,0.995008969808265,0.516,0.272,8.6333772891451e-129
"Nrp1",2.13813154964403e-132,-0.613129199791597,0.731,0.899,3.15502691465473e-128
"Zbtb20",2.249121002451e-132,0.320142811866322,0.999,0.99,3.31880295121669e-128
"Snrnp70",2.90555780870796e-132,-0.356265834745407,0.984,0.992,4.28744110252947e-128
"Nr2f1",3.14778029298204e-132,-0.683406149995125,0.03,0.259,4.6448646003243e-128
"Slc6a7",1.30007911618119e-131,-0.702986850774827,0.105,0.391,1.91839674383697e-127
"Dgkh",5.39076496237766e-129,0.862872270456211,0.641,0.417,7.95461277848447e-125
"Mast4",1.57842598101173e-128,-0.701469436139001,0.578,0.842,2.32912537758091e-124
"Robo2",1.75960192237494e-127,-0.703852151097258,0.143,0.437,2.59646859665646e-123
"Tacc1",2.28215920295561e-127,0.753609240894174,0.807,0.656,3.3675541198813e-123
"Kcnk2",3.66000454269263e-127,0.66676801302693,0.935,0.804,5.40070270319724e-123
"Slc24a5",4.203822880488e-127,0.809719811877698,0.847,0.769,6.2031610424481e-123
"Cdh10",1.0493199177591e-126,-0.774311395660652,0.101,0.375,1.54837647064533e-122
"Tigd2",1.29385738899914e-126,-0.714698170259261,0.361,0.685,1.90921596320713e-122
"Ndst1",2.48281304980192e-126,0.898229182650321,0.798,0.676,3.66363893628772e-122
"Dmd",7.52288448239707e-126,-0.694653560436764,0.455,0.76,1.11007683422251e-121
"Tspan33",1.17637244403425e-125,-0.706614601364107,0.062,0.31,1.73585517841695e-121
"Rock2",4.47723186109786e-125,0.685006788095119,0.845,0.774,6.606603334236e-121
"Bin1",9.2328089378659e-125,-0.702150330321442,0.441,0.745,1.36239328687149e-120
"Kcnn2",1.53479049827362e-124,0.753209913031713,0.786,0.661,2.26473685925255e-120
"Map1b",2.45121448042901e-123,0.433364615975309,0.992,0.979,3.61701208732105e-119
"Homer3",2.67910719258049e-123,-0.699236321717719,0.107,0.379,3.95329057337177e-119
"Gapdh",1.63176647697427e-122,-0.746112592753054,0.335,0.657,2.40783461342323e-118
"Srsf7",2.32988810562795e-121,-0.513064376237452,0.832,0.955,3.4379828886646e-117
"Fez2",2.67758384300804e-120,-0.688775588598704,0.063,0.304,3.95104271874267e-116
"Aldoa",2.70608294922468e-120,-0.679271778947201,0.389,0.714,3.99309599987593e-116
"Palmd",1.16221803669767e-118,-0.705228818640444,0.119,0.388,1.71496893495108e-114
"Rbfox1",7.26505872135986e-118,-0.64804911125058,0.426,0.736,1.07203206492386e-113
"Gins2",2.80694182338284e-117,-0.761724046657779,0.206,0.502,4.14192335458372e-113
"Tcf12",1.52375391616086e-116,-0.691814059191049,0.325,0.638,2.24845127868696e-112
"Lrp1b",5.5663396098403e-116,-0.394120143903795,0.984,0.983,8.21369072828034e-112
"Rims1",5.77179137785038e-115,0.612749920321676,0.889,0.849,8.51685535715602e-111
"Tcf4",7.91406459532044e-114,0.344528246764941,0.996,0.985,1.16779937168548e-109
"Tmed9",1.98670736815363e-113,-0.639307184692687,0.48,0.776,2.93158539244749e-109
"Prkca",5.46610724242786e-113,0.515752711819163,0.965,0.928,8.06578784692655e-109
"Efhd2",7.99784360883227e-113,0.790062896387432,0.27,0.061,1.18016180291929e-108
"Kif5c",1.12914349100804e-112,0.714855923565294,0.827,0.748,1.66616413533146e-108
"Cnrip1",1.63285638421205e-112,-0.625362420404862,0.566,0.823,2.4094428805433e-108
"Sat1",1.49435241536444e-111,1.05083877349985,0.431,0.202,2.20506642411177e-107
"Dgkg",2.05651956327022e-111,-0.556267736412526,0.718,0.895,3.03460026756154e-107
"Alcam",8.36557904739211e-110,0.819541591377935,0.295,0.08,1.23442484423318e-105
"Plxnc1",2.12749695232882e-109,0.875333660715503,0.387,0.16,3.13933450285641e-105
"Tiam2",1.60219119333345e-108,0.872668397793128,0.463,0.228,2.36419332488284e-104
"Pebp1",1.74239056342389e-108,-0.612606604048663,0.563,0.835,2.57107151538829e-104
"Kcnk9",2.67220606870132e-108,-0.66730338755433,0.134,0.396,3.94310727497567e-104
"Hpca",5.78977114504444e-108,-0.530228730281012,0.745,0.919,8.54338630162757e-104
"Crybb3",6.62219322406619e-108,-0.680073299617862,0.077,0.31,9.77170832143207e-104
"Cpt1c",8.45495290801855e-108,-0.615669096477122,0.487,0.757,1.24761285110722e-103
"Lipe",1.51973168458665e-107,-0.624511531257326,0.106,0.359,2.24251607377606e-103
"Kcnma1",9.24551822280805e-106,0.572653111120968,0.901,0.866,1.36426866895756e-101
"Stmn2",2.93680732115342e-105,-0.673412103163413,0.329,0.629,4.33355288309399e-101
"Kcnj4",3.25021687837425e-105,0.842815857407713,0.316,0.102,4.79602002572905e-101
"Ywhah",4.19134147242534e-105,-0.656302851538707,0.392,0.682,6.18474347671083e-101
"Atpif1",8.77453720386426e-105,-0.645430952783132,0.404,0.704,1.29477070980221e-100
"Ryr2",8.96315355117006e-105,0.51950085516864,0.919,0.883,1.32260293801065e-100
"Xkr6",9.52736430659294e-105,-0.680072047635981,0.177,0.449,1.40585787708085e-100
"Cnksr2",6.23646346765922e-104,0.689210202813425,0.776,0.69,9.20252549287794e-100
"Nr3c2",1.06253885261965e-103,0.736258363633466,0.692,0.557,1.56788233092555e-99
"Caskin1",7.30956195626065e-103,-0.638767793844416,0.319,0.621,1.07859896226582e-98
"Zranb2",1.20801058253207e-102,-0.320102309067146,0.985,0.983,1.78254041558432e-98
"Htr1f",1.39400706336382e-102,-0.599916461483587,0.086,0.318,2.05699682269965e-98
"Luzp2",1.71961079434997e-102,-0.651262822481575,0.188,0.464,2.53745768814282e-98
"Inhba",1.73987689438098e-102,0.797991665559125,0.258,0.063,2.56736234534857e-98
"Nrxn2",1.04111366094572e-101,-0.592306339119797,0.587,0.827,1.53626731809151e-97
"Hnrnph1",1.33192789672308e-100,0.702137469536669,0.708,0.586,1.96539280440457e-96
"Dock11",4.33441961310846e-100,0.85146194697614,0.471,0.258,6.39586958110284e-96
"Selenow",5.51472753411659e-100,-0.62943944782833,0.366,0.673,8.13753194934243e-96
"Kif1b",2.34074360717457e-99,0.581570430109277,0.888,0.848,3.45400126674679e-95
"Stxbp5l",1.30419087953902e-98,-0.419730193563853,0.921,0.961,1.92446406184777e-94
"Cacna1a",2.92136381134939e-98,-0.403284980452863,0.927,0.963,4.31076444002716e-94
"Mrps5",4.14764235528403e-98,-0.565686562869409,0.528,0.796,6.12026105945711e-94
"Ppib",8.04614771199714e-98,-0.569846753346667,0.586,0.82,1.1872895563823e-93
"Ackr1",1.30358836426604e-97,-0.549249893103834,0.072,0.288,1.92357499031097e-93
"Unc13b",2.4604684368565e-97,-0.586115557663347,0.428,0.711,3.63066722542545e-93
"Tgfb2",5.5837483165746e-97,-0.601644766976669,0.067,0.277,8.23937901593748e-93
"Sorl1",9.07516608300227e-97,0.681550609928027,0.741,0.633,1.33913150720782e-92
"Cadm3",1.82022655104964e-96,-0.618908205672835,0.232,0.508,2.68592629872885e-92
"Ndufa10",2.4497201456454e-96,-0.576028144992765,0.37,0.662,3.61480704691435e-92
"Dmxl1",4.479302738162e-96,0.645820334933623,0.793,0.718,6.60965912043185e-92
"Cdc37l1",7.71873125347992e-96,0.49022281594597,0.914,0.884,1.1389759837635e-91
"Epha7",4.73488974326888e-95,0.687192327686072,0.728,0.615,6.98680330516756e-91
"Lsamp",1.39759835157088e-94,-0.448927333674906,0.823,0.946,2.06229612757799e-90
"Thoc1",7.56264386284887e-94,-0.530441414777689,0.593,0.828,1.11594372840198e-89
"Net1",1.13165655667463e-93,0.808528195630333,0.298,0.098,1.66987241502909e-89
"Bcl9",1.1798463133573e-93,-0.595465523703743,0.289,0.576,1.74098121999003e-89
"Trhde",4.36064526010918e-93,-0.582856401452052,0.5,0.772,6.43456814581711e-89
"Pid1",2.26074883610911e-92,-0.595089053996959,0.237,0.518,3.33596098256261e-88
"B3gat1",8.39321650130293e-91,-0.572297835849336,0.161,0.412,1.23850302693226e-86
"Fkbp1a",5.71216837756174e-90,-0.562128840008363,0.479,0.747,8.4288756579301e-86
"Myo18a",1.16023503056152e-89,-0.580030086577995,0.475,0.731,1.71204281109658e-85
"Kcnb2",1.67182811306973e-89,0.808625985136474,0.38,0.176,2.46694956364569e-85
"Ly6h",2.59540823532932e-89,-0.464565148308173,0.818,0.937,3.82978439205195e-85
"Arhgap20",3.33189838591731e-89,-0.558663334399574,0.073,0.277,4.91654925825958e-85
"Nefm",1.84761917023266e-88,-0.608856955322537,0.076,0.28,2.72634684759532e-84
"Zfhx4",3.06638890194906e-88,0.925446567241866,0.363,0.163,4.52476346371603e-84
"Prpf4b",4.56372155427781e-88,-0.342098205560474,0.974,0.988,6.73422752549234e-84
"Mcf2l",7.72704705011635e-88,-0.580147474579668,0.284,0.562,1.14020306271517e-83
"Lyst",9.22165509957771e-88,0.72682009221353,0.639,0.497,1.36074742649369e-83
"Mctp1",1.00629303673164e-87,0.5610175477158,0.849,0.789,1.4848860050012e-83
"Sorcs2",1.15598490156745e-86,0.741227970481216,0.588,0.411,1.70577132075292e-82
"Igsf9b",1.69008280405983e-86,0.715400708013435,0.549,0.356,2.49388618567069e-82
"Asap2",1.75514075242402e-86,0.78604993281318,0.326,0.128,2.58988569427689e-82
"Flna",8.56892471954795e-86,0.759753988024411,0.639,0.486,1.2644305316165e-81
"Lynx1",2.4826232126452e-85,-0.522581441135503,0.661,0.857,3.66335881257926e-81
"Nfia",2.89901130207648e-85,0.84446007895058,0.552,0.375,4.27778107734406e-81
"Dgkb",8.86944640147362e-85,-0.53954686165192,0.08,0.282,1.30877551100145e-80
"Kcnc1",1.12326081925979e-84,-0.602448674323931,0.352,0.623,1.65748366489975e-80
"Rnps1",2.51416125496001e-84,-0.488493329799575,0.631,0.846,3.70989634781899e-80
"Cdk14",7.87673083908045e-84,-0.458444571796257,0.75,0.903,1.16229040261471e-79
"Tlk1",1.55955169326674e-83,0.790754021303663,0.485,0.302,2.30127447858441e-79
"Crym",1.63631118932386e-83,-0.563012358501542,0.407,0.68,2.41454079096628e-79
"Scn2a",2.67026369933525e-83,0.484081739440209,0.905,0.883,3.9402411147391e-79
"Tmem181a",3.44771149310098e-83,-0.554881305553216,0.299,0.567,5.08744307921981e-79
"Nefl",3.45490664460504e-83,-0.578685206619054,0.21,0.463,5.09806024477919e-79
"Slc25a23",6.89377717586177e-83,-0.558903042519772,0.456,0.715,1.01724576007016e-78
"Limch1",9.20353069762047e-83,0.704824079326185,0.539,0.349,1.35807298974088e-78
"Map2k2",1.18351993032621e-82,-0.521775332228024,0.289,0.567,1.74640200918936e-78
"Hdac4",1.39997258236262e-82,-0.572274129306376,0.317,0.585,2.06579954253429e-78
"Slc4a4",2.73601753034837e-82,0.80142625721732,0.428,0.233,4.03726746778206e-78
"Nrcam",3.2944257564781e-82,-0.395648536990596,0.874,0.947,4.86125464625908e-78
"Camkk2",5.40640053349222e-82,0.799522969754897,0.553,0.38,7.97768462722111e-78
"Gabarapl2",6.85746550121486e-82,-0.591422834243348,0.384,0.664,1.01188760935927e-77
"Prox2",7.50401345251434e-82,-0.512995360691639,0.104,0.317,1.10729222505302e-77
"Map4k4",1.22577467090987e-81,-0.54292343768403,0.553,0.799,1.8087531043946e-77
"Macf1",2.1903011913757e-81,0.434888121993329,0.937,0.925,3.23200843799398e-77
"mt-Co1",5.11868497984435e-81,0.739018224537456,0.679,0.541,7.55313155625832e-77
"Osbp2",1.23470390645026e-80,-0.55367099500658,0.305,0.569,1.821929084358e-76
"mt-Nd2",1.4609755432946e-80,0.804955371070273,0.443,0.243,2.15581551168551e-76
"Pcdh7",4.105113824445e-80,-0.566537363360303,0.15,0.38,6.05750595935105e-76
"Atp5g1",4.28992011470121e-80,-0.51063751613931,0.231,0.493,6.33020612125311e-76
"Eno1",7.9513229059594e-80,-0.567513811707675,0.24,0.492,1.17329720800337e-75
"Zdhhc14",9.20109193843738e-80,-0.501949740547581,0.087,0.286,1.35771312643582e-75
"Mmp16",1.14010335224913e-79,0.70837476795975,0.634,0.508,1.68233650657882e-75
"Whamm",1.17998889792672e-79,-0.530738246693169,0.254,0.512,1.74119161778066e-75
"Dnm3",3.79752130184893e-79,-0.577145621938012,0.294,0.562,5.60362243300828e-75
"Armc9",4.04379638644054e-79,-0.525144780519932,0.449,0.713,5.96702594783166e-75
"Ccdc88c",1.43521254471948e-78,-0.525891185562726,0.267,0.534,2.11779963098807e-74
"Zfp30",2.57636360796059e-78,-0.548905795698537,0.257,0.514,3.80168213990664e-74
"Bcl11b",2.82664126271328e-78,0.640014149519748,0.699,0.571,4.17099184725972e-74
"Tbata",6.24667178157176e-78,-0.480819498260234,0.075,0.265,9.21758888088729e-74
"Rab3a",1.06797534883684e-77,-0.534868882812741,0.264,0.521,1.57590442474363e-73
"Birc6",1.86894879007081e-77,0.612507567309524,0.708,0.61,2.75782083462849e-73
"Taf1d",1.89795147420655e-77,-0.505769469962603,0.583,0.815,2.80061719533919e-73
"Ttc19",2.31075149119047e-77,-0.408262975270061,0.835,0.944,3.40974490040066e-73
"Ryr3",2.6221776024172e-77,0.562921500087019,0.789,0.71,3.86928527012682e-73
"Pde4d",1.61421758745312e-76,-0.47573165017399,0.701,0.87,2.38193947204582e-72
"Chst2",2.67755364939954e-76,-0.511630284603207,0.126,0.34,3.95099816505396e-72
"Lrtm1",2.9198705930091e-76,-0.53095322698658,0.54,0.775,4.30856104704422e-72
"Tango2",3.50560431061927e-76,-0.533122392155957,0.388,0.652,5.17286972074979e-72
"Kmt2a",4.08693954745022e-76,0.502320735220775,0.86,0.825,6.03068799621754e-72
"Ric1",4.66238287035054e-76,0.724192651963955,0.526,0.359,6.87981216348925e-72
"Cog5",6.28698563758383e-76,0.782839262949658,0.514,0.351,9.2770760068187e-72
"Nwd2",7.19379490896161e-76,-0.495957634762962,0.087,0.281,1.06151637676638e-71
"Etnk1",9.46091036671671e-76,0.465234880652532,0.896,0.878,1.39605193371272e-71
"Shisa4",1.09621921137463e-75,-0.651259893495673,0.109,0.311,1.6175810683044e-71
"Snx32",2.32212354382699e-75,-0.518089561030336,0.314,0.573,3.42652550127111e-71
"Grip1",4.20836246502305e-75,-0.530673946178191,0.104,0.304,6.20985965338801e-71
"Il1rapl1",1.71947878510935e-74,0.532294591161368,0.832,0.746,2.53726289530735e-70
"Nell2",1.824892241582e-74,0.608329174528256,0.729,0.665,2.6928109916784e-70
"Raver2",2.20142973595266e-74,-0.561752517897283,0.161,0.38,3.24842971837175e-70
"Dab1",9.80223712236309e-74,0.59375803922648,0.718,0.635,1.4464181097759e-69
"mt-Nd4",1.0544746654817e-73,0.797209709418791,0.515,0.336,1.55598281638479e-69
"Mvb12a",2.0036813505282e-73,-0.491381170324023,0.171,0.402,2.95663220083941e-69
"Fbxw7",3.93408799066391e-73,0.658776014046212,0.71,0.633,5.80514023902366e-69
"Nrbp2",2.21381537909789e-72,-0.494040049026629,0.27,0.522,3.26670597339685e-68
"Pex5l",3.85674346661543e-72,-0.526074123961191,0.447,0.698,5.69101065933773e-68
"Kcnj3",4.37250684709321e-72,0.716988252160925,0.459,0.287,6.45207110357074e-68
"Dgkz",6.93617853601758e-72,0.528753958002171,0.805,0.744,1.02350250477475e-67
"Jakmip1",9.24961157008543e-72,-0.489085625159619,0.138,0.35,1.36487268328181e-67
"Cabp7",3.14062668175115e-71,0.731501015701783,0.54,0.385,4.634308731592e-67
"Dnajb4",4.27563100532978e-71,-0.498725122903807,0.364,0.618,6.30912111146462e-67
"Rgs11",3.53669879613859e-70,-0.469110426662082,0.594,0.81,5.21875274358211e-66
"Cnot3",9.87256613303106e-70,-0.489476262479568,0.461,0.708,1.45679585859006e-65
"Elmo1",1.33784340372016e-69,0.716357432785764,0.326,0.15,1.97412172652947e-65
"Celf3",1.37084715663305e-69,0.516714523609786,0.835,0.778,2.02282206432773e-65
"Spink8",1.43673787723244e-69,-0.489056944111337,0.122,0.324,2.12005041164419e-65
"Thoc2l",3.0523809065222e-69,-0.371201617967151,0.86,0.954,4.50409326566417e-65
"Sugp1",3.55372516636659e-69,-0.491569505428155,0.365,0.613,5.24387685549054e-65
"Ralgapa1",3.91777155204924e-69,0.457452450339119,0.855,0.808,5.78106370220386e-65
"Lmo4",7.61487235763282e-69,-0.588720766201379,0.187,0.405,1.1236505650923e-64
"Spon1",8.36746726674553e-69,0.66757039848335,0.324,0.146,1.23470346988097e-64
"Ccbe1",8.65014179173328e-69,-0.468729273279529,0.165,0.381,1.27641492278816e-64
"Lrp12",1.27301591415862e-68,0.670560390725312,0.279,0.114,1.87846228293245e-64
"Rbm3",2.01831099673504e-68,0.623658928419095,0.634,0.518,2.97821970678222e-64
"Rab3c",3.19536878693792e-68,-0.537821493429015,0.305,0.541,4.7150861820056e-64
"Ubb",3.50882616685063e-68,-0.519699684280892,0.486,0.733,5.17762389180479e-64
"mt-Atp6",5.49417733521398e-68,0.633892642072618,0.557,0.385,8.10720807584175e-64
"Csmd1",3.0541049995559e-67,0.412682736238978,0.935,0.93,4.50663733734469e-63
"Cfap100",3.33345423035901e-67,-0.493273924571015,0.12,0.311,4.91884506231775e-63
"Sybu",5.46908159450723e-67,-0.494868882521057,0.279,0.529,8.07017680085487e-63
"Selenom",8.88270156467096e-67,-0.506002246399198,0.46,0.707,1.31073144288285e-62
"2300009A05Rik",1.67359815067741e-66,-0.476830001635939,0.216,0.445,2.46956143113958e-62
"Kcnj6",2.50542445643185e-66,0.496726834633205,0.809,0.766,3.69700432791084e-62
"Armh4",3.05712949735765e-66,-0.445164642831497,0.081,0.253,4.51110028630095e-62
"Gas2l1",3.22072357651244e-66,-0.444677943806736,0.106,0.296,4.75249970950175e-62
"Cck",3.63418733754735e-66,-0.389163546205733,0.67,0.885,5.36260683528487e-62
"Slc38a1",4.55610473802586e-66,0.68981092973046,0.558,0.425,6.72298815143096e-62
"Ttc21b",5.38491860105808e-66,-0.48473665188668,0.265,0.499,7.9459858877213e-62
"Osbpl1a",2.42906576929931e-65,-0.469986760371033,0.11,0.298,3.58432944917806e-61
"Nr1d2",2.95013370670225e-65,0.6290071949776,0.323,0.153,4.35321729760983e-61
"Pisd",3.79362326393093e-65,-0.500552473163732,0.529,0.748,5.59787048825648e-61
"Ccdc88a",4.88173133283021e-65,0.513323957312921,0.765,0.705,7.20348275472426e-61
"Ank2",1.0867469075242e-64,0.272927799904568,0.994,0.987,1.60360373674271e-60
"Sez6l2",6.67626897911237e-64,-0.483689470115253,0.346,0.59,9.85150250557822e-60
"Pex3",7.15134749690445e-64,-0.460587456311424,0.257,0.494,1.05525283664322e-59
"Marchf1",1.61515867606411e-63,-0.498747522982484,0.093,0.268,2.3833281424002e-59
"Marchf2",1.71521517764372e-63,-0.463099486506793,0.263,0.501,2.53097151613107e-59
"Man1a2",2.63916930714648e-63,-0.404910137678535,0.864,0.944,3.89435822962535e-59
"Dennd4a",3.08073489139638e-63,0.67035679782096,0.576,0.45,4.54593240574449e-59
"Nav3",5.85461166353601e-63,-0.460995677823265,0.565,0.779,8.63906497071374e-59
"Dock3",6.26296774989717e-63,0.656956351443878,0.455,0.291,9.24163521174826e-59
"Hunk",1.03677614995607e-62,0.682636836346324,0.448,0.285,1.52986688687518e-58
"Grm5",1.1103008721574e-62,-0.302256365047374,0.939,0.964,1.63835996695546e-58
"Lrrtm1",1.26330573688702e-62,-0.476559311513981,0.107,0.283,1.86413394535049e-58
"Pycard",2.16693095765061e-62,-0.468992878119893,0.096,0.273,3.19752332110924e-58
"Foxp1",3.74297029482421e-62,-0.492690889014749,0.413,0.648,5.52312696704261e-58
"Srgap3",3.82202241216711e-62,-0.450322822072403,0.669,0.837,5.63977627139379e-58
"Hsp90b1",4.21520572563685e-62,0.678984940498937,0.521,0.383,6.21995756874973e-58
"Gpm6b",4.68145003540116e-62,-0.397793834414031,0.811,0.929,6.90794767223796e-58
"Fzd3",1.15670783233652e-61,0.63785558066909,0.296,0.135,1.70683807739576e-57
"Eid1",1.55274076681239e-61,-0.426835440326283,0.523,0.762,2.29122427550836e-57
"Rbm33",2.80937537284858e-61,0.643815341248328,0.548,0.419,4.14551430017536e-57
"Susd4",3.86660763281878e-61,-0.434632022835156,0.367,0.619,5.70556622298739e-57
"Ptprd",4.7368414072457e-61,-0.328122250734963,0.944,0.966,6.98968318053175e-57
"Dnah9",5.52653551530626e-61,-0.455738302695291,0.295,0.529,8.15495580638592e-57
"Knop1",9.86480688065149e-61,-0.435373692275547,0.361,0.614,1.45565090330893e-56
"Calm2",1.08458408543623e-60,-0.333919359190236,0.832,0.941,1.60041227646971e-56
"Basp1",1.24144720703968e-60,-0.47266938382504,0.497,0.723,1.83187949870775e-56
"Arhgdig",2.91916003396165e-60,-0.432137978984972,0.136,0.325,4.30751254611381e-56
"Polb",3.69614030013908e-60,-0.417242041071063,0.583,0.799,5.45402462688523e-56
"Mpp3",5.42025579527527e-60,-0.451780503855215,0.388,0.635,7.99812945150819e-56
"Shisa6",6.04100250732927e-60,-0.467192090429796,0.24,0.458,8.91410329981507e-56
"Rnpepl1",8.51245973858311e-60,-0.435240305199085,0.18,0.39,1.25609855902532e-55
"Wbp11",1.10297485696057e-59,-0.429174280355721,0.237,0.458,1.62754969893101e-55
"Taok3",1.15004883724928e-59,-0.452405532321142,0.278,0.507,1.69701206424504e-55
"Lsm11",1.30115268002834e-59,-0.444984697039885,0.209,0.423,1.91998089464981e-55
"Tet2",1.38196069821999e-59,0.549928405288368,0.673,0.595,2.03922120629342e-55
"Timm9",1.6313667203658e-59,-0.443302274558716,0.541,0.755,2.40724473257178e-55
"Rnf112",1.76085651932048e-59,-0.370334969571211,0.857,0.935,2.5983198799093e-55
"Hook2",2.03022307381955e-59,-0.417027632562764,0.141,0.333,2.99579716772813e-55
"Vcan",2.07545508123923e-59,-0.506361380063313,0.129,0.314,3.0625415178766e-55
"Acan",2.77290107627085e-59,0.638490885397684,0.314,0.152,4.09169282814527e-55
"Fam220a.1",7.17412839660951e-59,-0.465505325877186,0.325,0.554,1.0586143862037e-54
"Cend1",1.27757178747551e-58,-0.435851429896429,0.138,0.326,1.88518492959886e-54
"Hras",2.00524614199006e-58,-0.453359850951684,0.198,0.406,2.95894120712054e-54
"Cst3",2.92768777192098e-58,-0.775961395576924,0.099,0.269,4.32009607624659e-54
"Pdlim7",1.28490571939738e-57,-0.413540446695229,0.529,0.754,1.89600687954278e-53
"Gm38394",1.42063308222386e-57,-0.426854010488988,0.432,0.671,2.09628617612953e-53
"Qk",2.19062673356078e-57,0.331512286421273,0.578,0.461,3.23248880804229e-53
"Dync1i1",2.40972083642271e-57,-0.41768414579247,0.235,0.45,3.55578406622535e-53
"Abcd4",3.01365281840745e-57,-0.465749467072018,0.258,0.478,4.44694609884204e-53
"Pxn",3.40466354487655e-57,-0.407825478914635,0.164,0.361,5.02392152681984e-53
"Fyco1",3.70106780239052e-57,0.617774721381489,0.581,0.469,5.46129564920744e-53
"Uvrag",4.39968495616392e-57,0.583562340581165,0.695,0.621,6.49217512131549e-53
"Igf2bp3",4.40070258075089e-57,-0.393615181468044,0.498,0.735,6.49367672815602e-53
"Eml5",1.36448534686758e-56,0.508686590654257,0.765,0.724,2.0134345778378e-52
"Mmp17",2.2193690770121e-56,0.629669150737402,0.523,0.395,3.27490101003906e-52
"Slc4a10",2.36273138822601e-56,0.619853557278374,0.438,0.29,3.4864464364663e-52
"Atp5j2",2.41088805840379e-56,-0.459977286868597,0.248,0.466,3.55750641898064e-52
"Srgap2",2.47992439848386e-56,-0.377606232153597,0.843,0.921,3.65937644240279e-52
"Adgrl3",3.78706829248343e-56,-0.47609474512393,0.572,0.769,5.58819797238855e-52
"Pcbp2",7.8943309423744e-56,0.605291642293637,0.511,0.375,1.16488747385677e-51
"Oxr1",9.40671468007994e-56,-0.469518618851318,0.162,0.35,1.3880548181926e-51
"Meis2",1.02038989401459e-55,-0.452644842218852,0.195,0.409,1.50568732760793e-51
"Pianp",1.58357053469114e-55,0.646808475566791,0.413,0.264,2.33671668099024e-51
"Ripor2",1.69030483024841e-55,-0.399996933637474,0.114,0.286,2.49421380751455e-51
"Akap9",1.73029184267926e-55,0.540762272699246,0.667,0.585,2.55321864305752e-51
"Atp6v0c",3.30994069684909e-55,-0.393233427171814,0.648,0.858,4.88414849227051e-51
"Flrt3",3.7384674938354e-55,-0.444496104213454,0.207,0.414,5.51648263390352e-51
"Prkx",4.38739123740333e-55,-0.395988298064354,0.136,0.317,6.47403450991235e-51
"Ubr3",5.06608057223181e-55,0.544496017478137,0.667,0.6,7.47550849238526e-51
"Ntrk2",5.81565008957236e-55,0.470507981069022,0.841,0.812,8.58157327217297e-51
"Rbm39",6.35432938216329e-55,-0.296313642008739,0.958,0.981,9.37644843632015e-51
"Rcor3",1.1944533686676e-54,-0.415075567160108,0.506,0.728,1.76253539080591e-50
"Gria3",1.21416644288854e-54,0.366501126480773,0.929,0.911,1.79162400312633e-50
"Tafa2",2.06632244091875e-54,0.598924846946951,0.27,0.125,3.04906539381971e-50
"Caln1",2.15868911672465e-54,-0.395627389366613,0.131,0.308,3.18536166063889e-50
"Arhgef4",2.23014817318343e-54,-0.407685454304131,0.318,0.547,3.29080664434948e-50
"Mical2",4.29264933620199e-54,-0.311074219716292,0.885,0.943,6.33423336049966e-50
"Sncb",7.66804519692059e-54,-0.437211472465958,0.162,0.347,1.1314967492576e-49
"Fgf12",8.64292908520711e-54,0.613686235201874,0.343,0.192,1.27535061581316e-49
"Zc3h6",1.96178435255149e-53,-0.431971122633735,0.317,0.539,2.89480899062498e-49
"Ppfia2",2.34703092487288e-53,0.400664540960844,0.878,0.847,3.46327883274242e-49
"Arhgef28",3.73120383635962e-53,0.554511864064231,0.665,0.577,5.50576438093226e-49
"Acap2",5.25074364755911e-53,0.410194657991394,0.879,0.867,7.74799732633823e-49
"Nav2",6.66192032796487e-53,-0.381298405993398,0.711,0.861,9.83032963594496e-49
"Actr1b",6.68001612983095e-53,-0.406809110771501,0.491,0.706,9.85703180117856e-49
"Osbpl6",9.01118333917358e-53,-0.400604080747668,0.254,0.472,1.32969021352845e-48
"Kctd4",9.99427126209763e-53,-0.4716419189114,0.258,0.46,1.47475466743513e-48
"Tubb4b",1.02772720316129e-52,-0.389566296983003,0.14,0.318,1.5165142609848e-48
"Rgs7bp",1.37104231628668e-52,-0.454812257372397,0.269,0.481,2.02311004191262e-48
"Ndrg3",1.57105661377423e-52,0.3943923898652,0.884,0.862,2.31825113928526e-48
"Trpc4",1.64165597479956e-52,-0.435303021052577,0.311,0.529,2.42242755641423e-48
"Sel1l3",2.26488388267074e-52,-0.443520209735166,0.201,0.399,3.34206265726895e-48
"Fkbp5",3.20524616169958e-52,-0.42786669455278,0.289,0.499,4.7296612362039e-48
"Ppp1r12a",6.19129919602839e-52,0.518321279227089,0.686,0.634,9.13588109365949e-48
"Rap1a",1.25980729373996e-51,-0.414725916416004,0.189,0.382,1.85897164264268e-47
"Tnrc6c",2.04716044099919e-51,-0.270496574587652,0.951,0.98,3.0207899467384e-47
"Stmn3",2.44047480297208e-51,-0.373248429820944,0.367,0.612,3.6011646192656e-47
"Pak1",2.54168519820794e-51,-0.415956760715012,0.308,0.53,3.75051067847564e-47
"Ahcyl2",2.67275813490527e-51,0.386691647394874,0.901,0.874,3.94392190386621e-47
"Rtn3",2.94219608767754e-51,0.515144729158025,0.669,0.616,4.34150454697698e-47
"Pdcd4",4.90752111577907e-51,-0.444507738529479,0.172,0.357,7.24153815844359e-47
"Npdc1",5.48570281054366e-51,-0.403291928256764,0.417,0.642,8.09470306723823e-47
"Rps13",6.98297589375212e-51,-0.390476520414694,0.393,0.626,1.03040792288206e-46
"Negr1",7.09675459781957e-51,0.369229594820982,0.93,0.9,1.04719710845426e-46
"Phactr2",2.03936372932554e-50,-0.344467498760911,0.109,0.273,3.00928511899277e-46
"Prdm8",2.61618445300891e-50,0.569943531031708,0.627,0.544,3.86044177885994e-46
"Wscd2",3.12874549571686e-50,-0.392724790774225,0.475,0.693,4.61677685347979e-46
"Anapc5",4.07966464622439e-50,-0.382207503982736,0.579,0.784,6.01995315196872e-46
"Ppwd1",4.93864732349179e-50,-0.401559332571004,0.419,0.651,7.28746799054449e-46
"Nrg3",5.45092982194984e-50,0.555977139927116,0.582,0.497,8.04339204526918e-46
"Nbea",6.04341289008943e-50,0.360879800957329,0.908,0.906,8.91766006061596e-46
"Arfgef3",6.26896128760763e-50,0.580658554788707,0.563,0.458,9.25047927599383e-46
"Nagk",1.00352179283602e-49,-0.353996821414969,0.153,0.335,1.48079675750883e-45
"Csmd2",1.57291871735239e-49,-0.41194272884998,0.363,0.581,2.32099885932518e-45
"Lage3",1.84619169134337e-49,-0.406277311362757,0.315,0.534,2.72424045974627e-45
"Trio",2.83248538560239e-49,-0.376110517002403,0.533,0.738,4.17961543499488e-45
"Mcur1",4.05722132658679e-49,-0.392682522537743,0.201,0.391,5.98683578951147e-45
"Pabpc1",5.35422439367345e-49,-0.411309004072578,0.351,0.562,7.90069351530454e-45
"Hacd2",8.61709391640232e-49,0.632053055958397,0.354,0.213,1.27153837830433e-44
"Agrn",9.04515614132993e-49,-0.428386972609748,0.269,0.471,1.33470324021464e-44
"Psmd9",9.75469318706126e-49,-0.377395457771897,0.271,0.489,1.43940252668276e-44
"Polr3d",1.0670680154257e-48,-0.368802157898363,0.127,0.292,1.57456556356216e-44
"Tmsb4x",1.25105251473011e-48,0.43513076356234,0.849,0.852,1.84605309073575e-44
"Pet100",2.17749695496454e-48,-0.389140665989295,0.287,0.5,3.21311450674567e-44
"Mpg",2.34979603273129e-48,-0.353890055088688,0.097,0.25,3.46735902589829e-44
"Vps13c",2.65042860667683e-48,-0.366710173336283,0.731,0.867,3.91097245201234e-44
"Zbtb16",2.86530012033057e-48,0.602713552219276,0.536,0.431,4.22803685755979e-44
"Chd3",6.32991653697172e-48,0.413555487761202,0.822,0.806,9.34042484195547e-44
"Hnrnpa2b1",6.88427151471292e-48,0.344629152739317,0.866,0.839,1.01584310471104e-43
"Kif21a",7.50321151537503e-48,-0.365822684620669,0.686,0.862,1.10717389120874e-43
"Las1l",9.0437133216122e-48,-0.370564996733129,0.414,0.645,1.3344903377371e-43
"Jph1",1.01664575082376e-47,0.540224490135223,0.611,0.522,1.50016246991553e-43
"Dstn",1.16676368011949e-47,-0.390178196782494,0.354,0.57,1.72167648638431e-43
"Gm10033",1.37359986083914e-47,-0.369581962320888,0.151,0.325,2.02688395465423e-43
"Manba",1.53464295390519e-47,-0.365799931177114,0.108,0.261,2.26451914278251e-43
"Shisal1",1.7103006747447e-47,0.593633947345159,0.284,0.146,2.52371967565328e-43
"Cox4i1",1.78755782165118e-47,-0.420877044698675,0.265,0.474,2.63772032162848e-43
"Ano6",1.80596757166358e-47,-0.359920138659538,0.131,0.297,2.66488574874678e-43
"Ak2",1.89831370721375e-47,-0.381266665370615,0.251,0.455,2.80115170636461e-43
"Psma1",2.48511006656247e-47,-0.37119020173308,0.551,0.76,3.66702841421959e-43
"Rock1",2.78157008655689e-47,0.485550005464015,0.715,0.665,4.10448481972334e-43
"Mfsd4a",3.01117360604947e-47,0.532374596821875,0.604,0.52,4.44328777308659e-43
"Usp20",4.98023367563714e-47,-0.378009231034799,0.22,0.413,7.34883281177016e-43
"Fam214b",6.33518551783229e-47,-0.366947805535266,0.253,0.454,9.34819975011333e-43
"Pgp",7.10989674206653e-47,-0.377860642682985,0.2,0.388,1.04913636325934e-42
"R3hdm2",1.09531945942133e-46,0.438888961481317,0.778,0.735,1.61625339432212e-42
"Ncor2",1.2945737541343e-46,0.501663997839845,0.652,0.587,1.91027303160057e-42
"Cdc14b",1.34601449557698e-46,0.608842673891652,0.294,0.159,1.98617898967339e-42
"L1cam",1.42907036522319e-46,-0.368618146407424,0.201,0.391,2.10873623092333e-42
"Slc12a5",2.34472828179644e-46,0.554267940668858,0.561,0.465,3.45988105261883e-42
"Serinc1",2.59722365542735e-46,0.55411749263531,0.539,0.437,3.8324632259486e-42
"Zer1",3.14738092961626e-46,-0.33668935705345,0.713,0.861,4.64427529974176e-42
"Arhgef9",4.27578209223684e-46,0.484807588893474,0.681,0.627,6.30934405530468e-42
"Zfp207",6.66122644755295e-46,0.452131771658579,0.714,0.675,9.82930574600914e-42
"Prrt1",8.62905124130061e-46,-0.362670374594484,0.511,0.722,1.27330280116632e-41
"Xpr1",1.47028672288881e-45,0.600034103994721,0.456,0.331,2.16955508829473e-41
"Taok1",1.60418764371916e-45,0.531671436077872,0.58,0.492,2.36713928707199e-41
"Nlgn1",1.6771411787346e-45,0.487738799529986,0.693,0.648,2.47478952334078e-41
"Slc38a2",2.86275279242623e-45,0.45954869029203,0.754,0.7,4.22427802050415e-41
"Golim4",3.33236046498833e-45,-0.362729788568302,0.124,0.279,4.91723110213678e-41
"Olfm1",3.46470774407092e-45,-0.437590839870296,0.246,0.441,5.11252274715105e-41
"Dsel",3.77021352430874e-45,-0.344181729998026,0.132,0.292,5.56332707646998e-41
"Elavl3",4.82035522015028e-45,-0.368772258700184,0.512,0.722,7.11291616285375e-41
"Safb",5.05219729194833e-45,-0.398175115483461,0.513,0.711,7.45502232399896e-41
"Nsg2",5.59064181277599e-45,-0.397641854872927,0.265,0.462,8.24955105893225e-41
"Tuba1a",6.33402853548406e-45,-0.416172355904034,0.203,0.385,9.34649250696028e-41
"Rchy1",6.75285821239249e-45,-0.385047423340984,0.512,0.727,9.96451757820636e-41
"P2ry14",7.01971593388523e-45,-0.378887771933331,0.273,0.475,1.03582928320411e-40
"Begain",8.11793302636928e-45,-0.323620327309371,0.206,0.395,1.19788219737105e-40
"Hecw2",1.40567837127902e-44,0.584612113066671,0.381,0.247,2.07421900465932e-40
"Sirt3",1.57781217861859e-44,-0.385136619790653,0.29,0.496,2.32821965076959e-40
"Diaph2",2.84572029481621e-44,0.568485174696889,0.352,0.217,4.19914486703079e-40
"Mpped2",3.01521119763023e-44,0.415083761644516,0.821,0.786,4.44924564322316e-40
"Fam229b",3.05237540137378e-44,-0.337610862767707,0.113,0.262,4.50408514226715e-40
"Kndc1",3.2006854454876e-44,-0.391068812065344,0.185,0.363,4.72293144336151e-40
"Ablim2",3.23772208621403e-44,-0.39417329462538,0.217,0.403,4.77758271041742e-40
"Ak5",6.88988597504334e-44,0.496026558546482,0.631,0.559,1.01667157447739e-39
"Scai",8.87780640332075e-44,-0.373625728604237,0.52,0.729,1.31000911287401e-39
"Nmt1",1.07573213764512e-43,-0.386922753713706,0.399,0.611,1.58735034230914e-39
"Atxn1",1.09608162247913e-43,0.481781617307957,0.669,0.613,1.6173780421302e-39
"Clk4",1.18469986141358e-43,0.435494258100705,0.761,0.738,1.74814311550189e-39
"Hook1",1.30266111955719e-43,0.475389476757458,0.677,0.635,1.92220674801859e-39
"Cdc42se2",1.559061960746e-43,-0.387803150759552,0.323,0.528,2.3005518292768e-39
"Gpr158",1.79593829233274e-43,0.563595306390633,0.478,0.368,2.65008654416619e-39
"Tle4",2.03676181406622e-43,-0.394216768564889,0.28,0.477,3.00544573283612e-39
"Tmem214",2.1645637537047e-43,-0.361781224647308,0.295,0.495,3.19403027496666e-39
"Ralyl",2.65260653674752e-43,-0.334650578060213,0.642,0.819,3.91418620562464e-39
"Clip1",2.8967290987858e-43,0.396981594836323,0.818,0.804,4.27441345816833e-39
"Saa3",3.04353726484911e-43,-0.320280675364314,0.126,0.281,4.49104358801135e-39
"Ncdn",4.31932245452379e-43,-0.384768388520498,0.382,0.585,6.3735922138953e-39
"Sf3b1",7.52667110665048e-43,0.292677465433469,0.964,0.959,1.11063558849735e-38
"Mdh1",1.20046439949218e-42,-0.363216285934545,0.252,0.448,1.77140526789066e-38
"Tasor",1.40791668178333e-42,0.564139706100255,0.514,0.416,2.07752185563948e-38
"Iqsec3",1.88107338473071e-42,-0.339006003556835,0.226,0.414,2.77571188650863e-38
"Ankrd12",2.62136181516494e-42,0.414226805938948,0.819,0.816,3.86808149445739e-38
"Agk",2.62734822451459e-42,-0.351001573439793,0.274,0.472,3.87691504009372e-38
"Ptk2b",3.20521551949202e-42,0.447656250410293,0.703,0.655,4.72961602056242e-38
"Fam126b",3.30307558476983e-42,0.559787409833143,0.596,0.519,4.87401833288637e-38
"Mprip",4.08871071285949e-42,0.448622093807362,0.711,0.67,6.03330152789547e-38
"Nckap1",4.64583392245098e-42,0.483642924445093,0.604,0.53,6.85539253596866e-38
"Map1lc3a",4.89848931455896e-42,-0.364638899442116,0.176,0.348,7.2282108325632e-38
"Mef2a",6.86081807287232e-42,-0.348068297350528,0.621,0.798,1.01238231483304e-37
"Tiam1",7.02704525827955e-42,0.543614549770311,0.306,0.177,1.03691079831173e-37
"Ext1",1.03227762297874e-41,0.551326875466634,0.393,0.268,1.52322886046743e-37
"Kat6b",1.47777527732281e-41,0.528525410697128,0.569,0.487,2.18060519921754e-37
"Mt3",1.88700664963425e-41,-0.376042860594726,0.523,0.731,2.7844670122003e-37
"Zfp955b",2.13899913070027e-41,-0.339558180188848,0.211,0.391,3.15630711726132e-37
"Yeats2",5.38647944419338e-41,-0.352412501375543,0.503,0.706,7.94828906785176e-37
"Nudcd3",2.40027558576202e-40,-0.340039663335169,0.6,0.784,3.54184665435044e-36
"D3Ertd751e",3.01185883892773e-40,-0.30923925999789,0.126,0.274,4.44429890272176e-36
"Gk",3.0483713637761e-40,0.559387146245936,0.35,0.225,4.49817678438801e-36
"Usp46",3.06718171612969e-40,-0.356382587544229,0.347,0.548,4.52593334032097e-36
"Grm7",3.27375053875721e-40,0.544552025084649,0.528,0.435,4.83074629499014e-36
"Cdkl5",3.30776778574456e-40,0.556866350498145,0.502,0.405,4.88094214464467e-36
"Polr1a",5.53764502076819e-40,-0.284163743852443,0.144,0.302,8.17134899264554e-36
"Atp5d",5.63266316345676e-40,-0.331834700276447,0.208,0.385,8.31155776399679e-36
"Lyrm9",7.1220794729228e-40,-0.327485029381736,0.127,0.274,1.05093404702449e-35
"Maml3",7.43838564107158e-40,0.55185969021913,0.429,0.306,1.09760818519652e-35
"Rbm4b",1.21447994876343e-39,-0.321508968247882,0.599,0.797,1.79208661239531e-35
"Puf60",1.47728961740972e-39,-0.340631272266117,0.318,0.521,2.17988855944978e-35
"Psmc3",1.6286975990809e-39,-0.356374104986909,0.313,0.508,2.40330617720378e-35
"Atp2b2",2.58776769063697e-39,0.415552059186184,0.722,0.692,3.81851000430391e-35
"Gsdme",2.71724914683973e-39,-0.385396824204615,0.284,0.476,4.0095728410767e-35
"Cpsf6",2.71745203983292e-39,0.427396837932712,0.719,0.681,4.00987222997746e-35
"Lypla2",4.11250679862046e-39,-0.35109316868314,0.271,0.457,6.06841503204435e-35
"Sag",4.83232930335265e-39,-0.310548317846345,0.112,0.252,7.13058512002717e-35
"Pfkfb4",5.22802773666406e-39,-0.355961400778312,0.19,0.356,7.71447772822149e-35
"Sh3bp1",5.39366740868325e-39,-0.322546858889927,0.114,0.254,7.95889562825301e-35
"Atp1b1",6.73524390794064e-39,0.342942132933099,0.899,0.929,9.93852591055721e-35
"mt-Co2",7.3188645907682e-39,0.468740907910808,0.566,0.465,1.07997165901375e-34
"Ubl5",8.28141735037193e-39,-0.329748967958784,0.27,0.458,1.22200594422088e-34
"Chchd10",1.46115312343323e-38,-0.352502228603201,0.134,0.278,2.15607754893807e-34
"Dbndd2",1.68707576937675e-38,-0.33516246387596,0.217,0.394,2.48944900529233e-34
"Top2b",1.76115210442187e-38,0.524336263025603,0.436,0.324,2.59875604528491e-34
"Zmynd8",2.56438542149653e-38,0.367386216327839,0.881,0.862,3.78400712796028e-34
"Tubb2a",3.01726029627575e-38,-0.323490892083243,0.359,0.563,4.4522692931845e-34
"Dalrd3",3.2840730244207e-38,-0.290411101808629,0.637,0.814,4.84597815483518e-34
"Sptbn1",3.49240330462993e-38,-0.251094924084212,0.899,0.965,5.15339031631192e-34
"Kcnh1",3.97301542969559e-38,-0.336472317005125,0.21,0.382,5.86258156805881e-34
"Zfp365",4.56767192851946e-38,0.55406671984993,0.323,0.203,6.74005669772331e-34
"Atp6v1g2",4.65078211302849e-38,-0.332606677701146,0.26,0.437,6.86269408598484e-34
"Chn1",8.2961164195535e-38,0.330266449300432,0.896,0.892,1.22417493886931e-33
"Hnrnpm",1.38769666425605e-37,-0.364671516244159,0.508,0.688,2.04768519777622e-33
"Zfr2",1.52759925976398e-37,-0.330679674865157,0.364,0.562,2.25412546770773e-33
"Man2b1",1.96861782176656e-37,-0.329908368990223,0.272,0.459,2.90489245779873e-33
"Faim",2.01422230684538e-37,-0.326990734753029,0.143,0.29,2.97218643598105e-33
"Mapk8ip1",2.87877350257674e-37,-0.327866006786634,0.478,0.677,4.24791818040224e-33
"Pea15a",3.13724403452571e-37,-0.302159458894056,0.12,0.259,4.62931729734614e-33
"Reps2",3.4172435422359e-37,-0.330614861159636,0.463,0.675,5.0424845709233e-33
"Hint1",3.68759784113118e-37,-0.321815044919403,0.152,0.303,5.44141937437318e-33
"Btbd3",4.16549715339315e-37,0.481050594155078,0.613,0.525,6.14660759954693e-33
"Huwe1",4.53220781596936e-37,0.419463296631142,0.672,0.621,6.68772585324439e-33
"Arhgef25",4.76143636257879e-37,0.314431748474211,0.936,0.921,7.02597549662127e-33
"Tecr",5.34439706610561e-37,-0.360363082708102,0.347,0.542,7.88619231074544e-33
"Tspoap1",6.19471173008141e-37,0.355498690106235,0.853,0.836,9.14091662890812e-33
"Tdrp",8.16131211840102e-37,-0.302436867462944,0.131,0.275,1.20428321619126e-32
"Grin1",8.17192696185076e-37,-0.267510519035957,0.794,0.907,1.2058495424907e-32
"Syt14",8.69433760309167e-37,0.530749486640363,0.428,0.319,1.28293645671221e-32
"Uqcrc1",9.2709408757984e-37,-0.287948601775213,0.161,0.317,1.36802003563281e-32
"Mdga1",1.19527817764047e-36,-0.33427895399192,0.205,0.371,1.76375247892627e-32
"Phactr1",1.25598510867217e-36,-0.319810361506651,0.703,0.856,1.85333162635665e-32
"Mrtfb",1.26903430512121e-36,0.486922488579283,0.544,0.463,1.87258702063686e-32
"Rps6kb2",1.36968557240998e-36,-0.321873648406803,0.54,0.726,2.02110803064817e-32
"Gng3",1.42534277355552e-36,-0.3264786487207,0.155,0.305,2.10323579665852e-32
"Map4k3",2.17037945378309e-36,0.44197402978549,0.651,0.605,3.20261192200233e-32
"Flnb",2.3792364072155e-36,-0.300010251151158,0.244,0.421,3.51080124248719e-32
"Kcnd2",2.70328783016447e-36,0.525934876681403,0.427,0.318,3.9889715221907e-32
"Nsg1",4.04977282853847e-36,-0.299805633346103,0.119,0.256,5.97584478579137e-32
"Prkce",6.36869713366166e-36,0.445828607497103,0.674,0.644,9.39764949043115e-32
"Hpgds",6.84564884716137e-36,-0.332982225075427,0.242,0.413,1.01014394388713e-31
"Mif",8.14258204765113e-36,-0.296441674266367,0.148,0.292,1.2015194069514e-31
"Unc5a",1.0438990402037e-35,-0.274507852293409,0.13,0.273,1.54037742372458e-31
"Tnfrsf25",1.18221697693799e-35,-0.290235976025866,0.217,0.391,1.7444793711697e-31
"Apbb2",1.70692006846446e-35,0.39326540271118,0.735,0.699,2.51873125302616e-31
"Ppp1r9a",2.03666616400353e-35,0.489084921760953,0.555,0.476,3.00530459160361e-31
"Abraxas2",2.18776367931848e-35,-0.300828156191732,0.189,0.349,3.22826408520235e-31
"Kcnq5",2.32471009910463e-35,-0.323150227385542,0.227,0.395,3.43034222223879e-31
"Eps15",2.37048148788576e-35,-0.311777761236496,0.446,0.648,3.49788248352422e-31
"Arhgef11",2.57853656545634e-35,-0.30641506209229,0.193,0.354,3.80488855598737e-31
"Tfcp2",2.73771522239422e-35,-0.293506812298742,0.163,0.314,4.03977258216491e-31
"Sppl2b",2.98077935723418e-35,-0.299315528571313,0.344,0.544,4.39843801953476e-31
"Mink1",2.98897535149012e-35,-0.343550567924801,0.417,0.609,4.41053202865883e-31
"Rbm28",3.32079190197999e-35,-0.321416658783426,0.543,0.724,4.90016053056168e-31
"Mttp",3.72793883076919e-35,-0.307304496107437,0.159,0.309,5.50094653868302e-31
"Rab11fip2",5.08485048382715e-35,-0.319855883228513,0.614,0.791,7.50320537393534e-31
"Vti1b",5.73011406221469e-35,-0.315291408903392,0.182,0.336,8.455356310204e-31
"Sec61a2",7.06766184237541e-35,-0.325618724545615,0.55,0.732,1.04290418146092e-30
"Lars2",8.49690091206481e-35,0.493238121517546,0.361,0.245,1.25380269858428e-30
"Msh3",1.24138405406935e-34,-0.321815623478093,0.286,0.471,1.83178631018474e-30
"Mrpl38",1.87712066515143e-34,-0.33165684436323,0.285,0.465,2.76987925349745e-30
"Peg3",1.92498638014285e-34,0.395863263462349,0.788,0.772,2.84050990253879e-30
"Adgrb1",2.00977213651932e-34,-0.334269831560292,0.571,0.744,2.96561976464791e-30
"Uqcr11",2.05058948079947e-34,-0.317856565293145,0.153,0.296,3.02584983786769e-30
"Cep70",2.62844436783927e-34,-0.302835314130312,0.347,0.536,3.87853250918362e-30
"Pkd1",2.63858693528077e-34,-0.313872370096639,0.619,0.789,3.89349888170031e-30
"Runx1t1",3.18877249109789e-34,-0.30524284546114,0.243,0.412,4.70535268786404e-30
"Dip2b",3.3205202163468e-34,-0.292084137909411,0.4,0.606,4.89975963124134e-30
"Pias1",3.49145894815909e-34,-0.312080020539082,0.23,0.397,5.15199682390356e-30
"Rps12",3.66593578401808e-34,-0.300389239573959,0.308,0.502,5.40945484289709e-30
"Pmm2",3.94588222044714e-34,-0.2885770082528,0.197,0.357,5.8225438044918e-30
"Mllt11",4.2791503683663e-34,-0.327612765841323,0.303,0.485,6.31431428356131e-30
"Ncoa7",5.57567238064662e-34,-0.305639798183964,0.578,0.762,8.22746216488216e-30
"Atp5b",6.53485994434625e-34,-0.309697346308726,0.395,0.594,9.64283933387733e-30
"Telo2",7.00548015201643e-34,-0.2956924389718,0.225,0.392,1.03372865123154e-29
"Gpatch11",7.41208247267365e-34,-0.267490299144113,0.156,0.305,1.09372688966772e-29
"Akt3",7.97428589897658e-34,0.509081142763467,0.391,0.284,1.17668562725298e-29
"Hdac7",8.37674815854391e-34,0.385473954678676,0.703,0.625,1.23607295827474e-29
"Tnfrsf21",8.96721506821878e-34,-0.303331450797674,0.151,0.29,1.32320225546636e-29
"Jak1",9.80867828986652e-34,-0.334653779234199,0.35,0.525,1.4473685684527e-29
"Ephb2",1.15918144582333e-33,-0.290444133285772,0.14,0.278,1.7104881414569e-29
"Ptdss2",2.00519471981746e-33,-0.279607318243394,0.279,0.46,2.95886532856264e-29
"Hivep2",2.01666009824836e-33,0.267642320909919,0.953,0.942,2.97578364097528e-29
"Mical3",2.14917552272043e-33,-0.319538479692192,0.412,0.597,3.17132340132626e-29
"Braf",2.38927627970355e-33,0.435079862493167,0.682,0.642,3.52561607833056e-29
"Dipk1b",2.55213640090479e-33,-0.304888090586683,0.345,0.532,3.7659324731751e-29
"Tln2",2.64804603559431e-33,-0.309726810753431,0.28,0.457,3.90745673012297e-29
"Cep192",2.68903723060547e-33,-0.287457577194902,0.147,0.288,3.96794333748143e-29
"Slc25a37",2.87006038792368e-33,0.545998406493975,0.367,0.258,4.23506110842018e-29
"Usp3",3.15801953370016e-33,0.511473399084306,0.51,0.434,4.65997362392795e-29
"Ndufa11",3.68269149998081e-33,-0.306552842624794,0.122,0.254,5.43417957737168e-29
"Glrx3",3.822999482276e-33,-0.285768417669215,0.204,0.366,5.64121803604647e-29
"Klhl29",4.75088495135918e-33,0.518347166155574,0.492,0.408,7.0104058342256e-29
"Rpl38",6.42158639177723e-33,-0.331160788196467,0.168,0.316,9.47569287970648e-29
"Ndufa4",6.74392406757606e-33,-0.294242542320147,0.203,0.363,9.95133435411524e-29
"Slc25a27",9.16235002571217e-33,-0.303781110428714,0.464,0.661,1.35199636979409e-28
"Gprasp2",9.59653997219603e-33,-0.276518612166857,0.126,0.257,1.41606543829725e-28
"Rapgef6",9.78382986951292e-33,-0.291884815215031,0.581,0.764,1.44370193554533e-28
"Smpd3",1.24040344587391e-32,-0.322538772718786,0.538,0.712,1.83033932473154e-28
"Pdcd11",1.25974293008042e-32,-0.273136156814532,0.179,0.332,1.85887666762667e-28
"Srrm4",1.31336411826546e-32,-0.270602297509917,0.586,0.768,1.93800009291251e-28
"Ppp1r12c",1.59077669692859e-32,0.479394841743036,0.593,0.541,2.34735009398783e-28
"Ndfip1",1.60942777118348e-32,-0.32953236471383,0.472,0.659,2.37487161915834e-28
"Eif3m",1.68458928134085e-32,-0.280825802788662,0.154,0.295,2.48577994354656e-28
"Trmt1l",1.96127846176205e-32,-0.311753882359634,0.38,0.568,2.89406249817608e-28
"Ptpru",2.16644279066319e-32,0.536320749249882,0.41,0.311,3.1968029819026e-28
"Iffo1",2.34364265428638e-32,-0.290593778324614,0.382,0.57,3.45827910066498e-28
"Atp5md",2.83505004506885e-32,-0.323508049864543,0.171,0.315,4.18339984650359e-28
"Dnajc21",2.91739560459798e-32,-0.297452951076638,0.235,0.399,4.30490895414478e-28
"Ankrd27",3.86474018714489e-32,-0.28372426442659,0.145,0.281,5.702810620151e-28
"Podxl2",3.86701815455469e-32,-0.334786447277561,0.37,0.545,5.7061719888609e-28
"Nptxr",4.18312675168495e-32,0.561735822532539,0.374,0.271,6.17262183478631e-28
"Tacc2",4.49652205261713e-32,0.427300809306563,0.643,0.589,6.63506794084184e-28
"Nisch",4.57998348611351e-32,-0.271624528561881,0.707,0.844,6.75822363210909e-28
"Lman2l",5.90431207786234e-32,-0.294229750409038,0.505,0.695,8.71240290209366e-28
"1110008P14Rik",6.79579061899422e-32,-0.296735502565734,0.138,0.271,1.00278686373879e-27
"Atp6v1e1",7.09236959521771e-32,-0.302758081048886,0.196,0.346,1.04655005747033e-27
"Slc50a1",7.19494866092474e-32,-0.282588825561265,0.279,0.452,1.06168662440605e-27
"Rasal1",7.77765902394952e-32,0.523215343531243,0.394,0.293,1.14767136557399e-27
"Nptn",8.37903941787807e-32,0.407661418119703,0.601,0.544,1.23641105650209e-27
"Cabin1",8.44575115700149e-32,-0.290341763537522,0.595,0.768,1.24625504072714e-27
"Ttc7b",9.04570893976838e-32,0.51353843465519,0.392,0.291,1.33478481115222e-27
"Prdx5",9.11905091661061e-32,-0.292094258508746,0.173,0.318,1.34560715325506e-27
"Exoc6b",1.37853153176724e-31,0.371848205552399,0.73,0.71,2.03416112827574e-27
"Smpd4",1.50065697988981e-31,-0.309946589924122,0.359,0.534,2.2143694395254e-27
"Sidt1",1.73634656198448e-31,0.494988892414961,0.552,0.479,2.5621529868643e-27
"Wdr18",1.94310796064941e-31,-0.272193398717594,0.194,0.346,2.86725010673427e-27
"Polg",2.06183573694996e-31,0.45371501558972,0.559,0.49,3.04244481344336e-27
"Fam126a",2.0658735803347e-31,-0.301260000501312,0.183,0.327,3.04840305514189e-27
"Rrbp1",2.21863771402438e-31,-0.308293190292412,0.151,0.291,3.27382181081438e-27
"Phka2",2.28583988244464e-31,-0.302335501500113,0.44,0.63,3.37298533053531e-27
"Grk3",2.47353247451671e-31,-0.336308483752002,0.541,0.713,3.64994451939686e-27
"Sptan1",2.54879316231021e-31,-0.269720947245635,0.673,0.832,3.76099919030495e-27
"Ccdc28a",3.24969695714898e-31,-0.256904804951123,0.138,0.273,4.79525282996903e-27
"Pygo1",3.34319546497899e-31,-0.307768333692021,0.473,0.655,4.93321922812299e-27
"D10Wsu102e",4.2229556016394e-31,0.511755538853009,0.574,0.522,6.2313932857791e-27
"Degs1",4.52328301297876e-31,-0.28142805229048,0.16,0.3,6.67455641395145e-27
"Thap3",4.56749771264299e-31,-0.286648988124921,0.274,0.447,6.73979962477599e-27
"Nsun6",4.98591444973586e-31,-0.275632088036193,0.231,0.395,7.35721536203023e-27
"Srpk1",5.1544542539611e-31,-0.276104802012959,0.559,0.738,7.605912697145e-27
"Izumo4",8.17369794602348e-31,-0.275410804116551,0.283,0.456,1.20611086891522e-26
"Usp2",9.76411287341847e-31,0.510832954507957,0.334,0.225,1.44079249560163e-26
"Pgam1",1.18567132464154e-30,-0.277793385367728,0.19,0.339,1.74957660664106e-26
"Ddn",1.22856098000408e-30,0.499813450457535,0.426,0.333,1.81286458209403e-26
"Rnf170",1.32219052871003e-30,-0.277896705668624,0.203,0.356,1.95102434416453e-26
"Lekr1",1.77263207052225e-30,-0.279850246739002,0.216,0.369,2.61569588326263e-26
"Hspa12a",1.8211704371427e-30,-0.276303934281808,0.124,0.25,2.68731909704777e-26
"Ccdc85b",1.91840411014163e-30,0.473319433468566,0.481,0.394,2.83079710492499e-26
"Uqcrq",2.34257160496126e-30,-0.281063695534125,0.161,0.299,3.45669866028083e-26
"Dkk3",2.3791631909755e-30,-0.285351066427243,0.173,0.314,3.51069320460345e-26
"Tnrc6a",2.86168529624839e-30,-0.303822954982611,0.52,0.699,4.22270282314412e-26
"Eif2s2",3.31258196733806e-30,-0.269432966056477,0.397,0.579,4.88804595100404e-26
"Kif13b",3.60601847267906e-30,-0.299727911615474,0.218,0.368,5.32104085828522e-26
"Suclg1",3.84373631246055e-30,-0.256614920063998,0.167,0.307,5.67181730266679e-26
"Coro2b",4.35384396700511e-30,-0.263009920613586,0.154,0.288,6.42453215771274e-26
"Tmed4",4.35497995271567e-30,-0.289502489772729,0.215,0.367,6.42620841822725e-26
"Got2",4.3887427327732e-30,-0.286813706286597,0.25,0.415,6.47602877648013e-26
"Abr",4.62121068755832e-30,0.351302355198496,0.758,0.751,6.81905849056106e-26
"Dmac2",4.98529753187315e-30,-0.273641029061172,0.197,0.346,7.35630503803203e-26
"Arel1",5.3564468199491e-30,-0.275556742723807,0.189,0.333,7.90397292751689e-26
"Rapgef5",5.88583214794983e-30,0.327911106195264,0.84,0.794,8.68513391751477e-26
"Wasl",6.16217394575857e-30,0.412635720325762,0.649,0.609,9.09290387436134e-26
"Stag1",6.46116323461089e-30,0.485235900959591,0.489,0.413,9.53409246899184e-26
"Plxna4",7.23315748603366e-30,0.461499758385998,0.565,0.505,1.06732471863913e-25
"Arhgef3",7.33348624095973e-30,0.46576574440314,0.262,0.159,1.08212922971602e-25
"Tmem234",8.98302447738253e-30,-0.265257981238882,0.54,0.735,1.32553509188257e-25
"Atrx",8.99004402556553e-30,0.295907911457201,0.868,0.878,1.32657089641245e-25
"4932438A13Rik",9.97765304141689e-30,0.41063622323828,0.593,0.541,1.47230248279148e-25
"Zbtb18",1.0272188586501e-29,0.432381217630593,0.583,0.54,1.51576414782409e-25
"Unc5c",1.04869881333353e-29,-0.291165264003141,0.542,0.713,1.54745996895495e-25
"Emc9",1.39932532563237e-29,-0.265571587860195,0.184,0.329,2.06484445050312e-25
"Adam15",1.70521360753629e-29,-0.262732422568484,0.297,0.474,2.51621319928055e-25
"Sumo2",1.83695784273103e-29,-0.275016132030511,0.425,0.615,2.71061499273391e-25
"Macrod2",2.02427935045782e-29,-0.274249046794647,0.26,0.421,2.98702660953555e-25
"Wdr43",2.0728782435014e-29,-0.262218070054514,0.326,0.503,3.05873913611067e-25
"Aimp1",2.16345530498434e-29,-0.296051908704848,0.364,0.545,3.19239464803489e-25
"Rab34",2.65046066630984e-29,-0.294079336361267,0.535,0.719,3.91101975920681e-25
"Tsnax",2.83219803182806e-29,-0.27376220921685,0.266,0.428,4.17919141576549e-25
"Elfn2",3.03226029214462e-29,-0.26058161117312,0.171,0.308,4.4744032870886e-25
"Tia1",3.17411371333495e-29,0.252414233377713,0.925,0.937,4.68372219539705e-25
"Clock",3.28918383083242e-29,-0.255831986746015,0.622,0.789,4.85351966077632e-25
"Ssh2",4.59775734870534e-29,0.430423503120751,0.617,0.573,6.7844507437496e-25
"Aifm3",4.91085269573866e-29,0.501541956822003,0.36,0.261,7.24645423783197e-25
"Tpi1",5.81554420665547e-29,-0.293631441899481,0.311,0.483,8.58141703134081e-25
"Gpr162",5.93617484807415e-29,0.465080252500127,0.521,0.454,8.75941960581821e-25
"Bcl7a",6.81923549723161e-29,0.502285137188334,0.429,0.339,1.0062463899715e-24
"Stk38",7.33510538877342e-29,-0.284968115758113,0.541,0.725,1.08236815116741e-24
"Rpp21",7.40785239815823e-29,-0.273202726428437,0.232,0.387,1.09310269987223e-24
"BC005537",8.14311292821539e-29,0.425519150280753,0.54,0.479,1.20159774368746e-24
"Arap2",8.56385185222873e-29,-0.268420813436173,0.699,0.835,1.26368197931487e-24
"Rint1",9.44444299139612e-29,-0.278469624107194,0.146,0.273,1.39362200781041e-24
"Ckmt1",9.99865753034509e-29,-0.274301464266588,0.189,0.331,1.47540190517772e-24
"Esrra",1.11080806905184e-28,-0.277573628505563,0.288,0.457,1.6391083866929e-24
"Larp1b",1.48019324628115e-28,-0.257168892577407,0.244,0.4,2.18417315421246e-24
"Ralgps2",1.697559661461e-28,-0.262053308841703,0.514,0.697,2.50491903645186e-24
"Gkap1",1.96962532152957e-28,-0.287252044432899,0.258,0.417,2.90637912444903e-24
"Josd2",2.02803392037228e-28,-0.277540230443748,0.158,0.29,2.99256685290133e-24
"Sbf2",2.10897824702287e-28,-0.283509890581429,0.266,0.426,3.11200830130695e-24
"Hint3",2.50933562420576e-28,-0.256298844115185,0.131,0.253,3.70277564707802e-24
"Chgb",2.51596590157766e-28,0.3976804803577,0.66,0.634,3.712559284368e-24
"Mia2",2.53076039276755e-28,0.415639299297555,0.65,0.61,3.7343900355678e-24
"Far1",2.92140771682673e-28,0.413028294534884,0.621,0.588,4.31082922694952e-24
"Cs",2.93818909265698e-28,-0.251469241702882,0.198,0.344,4.33559182512463e-24
"Rpl36",3.09083783671342e-28,-0.290328314935063,0.148,0.275,4.56084031185433e-24
"Pde10a",4.80839638022198e-28,0.28521331442429,0.656,0.575,7.09526969865555e-24
"Eif4g2",6.10308532722305e-28,0.441322824300803,0.475,0.397,9.00571270885033e-24
"Rnf187",6.81011646687569e-28,-0.289631360442839,0.188,0.326,1.00490078585218e-23
"Fam184a",7.80137931440523e-28,0.460543034781581,0.29,0.188,1.15117153163364e-23
"Cox6c",9.56070008329097e-28,-0.276146537525545,0.291,0.452,1.41077690429042e-23
"Hivep3",1.01384598345388e-27,-0.269906265849649,0.545,0.726,1.49603113318454e-23
"Rpl21",1.01840462985211e-27,-0.281663962656967,0.301,0.467,1.50275787180977e-23
"Napg",1.05142474402576e-27,-0.252880340336216,0.645,0.817,1.55148235228441e-23
"Rpl28",1.09344847130636e-27,-0.264540395958649,0.24,0.393,1.61349256425967e-23
"Clasrp",1.10240322566534e-27,-0.261207026887743,0.297,0.464,1.62670619979177e-23
"Dst",1.1102825046676e-27,0.308238966123252,0.789,0.805,1.63833286388752e-23
"Kcnq2",1.16078079577143e-27,-0.252758348531685,0.637,0.794,1.71284814224032e-23
"Fopnl",1.2125712791175e-27,-0.255372664868689,0.251,0.409,1.78927017946579e-23
"Thsd4",1.23813316504948e-27,-0.267963940842657,0.281,0.44,1.82698929834701e-23
"Dlg1",1.41426278701632e-27,0.459509419094354,0.273,0.177,2.08688616852128e-23
"Lrp1",1.4678890400597e-27,-0.278812690435327,0.458,0.637,2.16601706751209e-23
"Ap2a2",1.48083403680054e-27,-0.271848159366218,0.518,0.688,2.18511870470288e-23
"Bsg",1.71227053277618e-27,-0.388822537627528,0.234,0.385,2.52662639816453e-23
"Mon2",1.95707047322086e-27,0.461008406213455,0.472,0.402,2.8878531902847e-23
"Kansl3",1.97836808843911e-27,-0.259051742607348,0.312,0.483,2.91927995130075e-23
"Lrrtm4",2.06447368222172e-27,0.407191314298329,0.566,0.507,3.04633736548637e-23
"Herc2",2.20306821965163e-27,0.319410586621296,0.8,0.789,3.25084746491794e-23
"Elmod1",2.54755568205058e-27,0.392770664091744,0.641,0.598,3.75917316443384e-23
"Plppr4",3.16209082573493e-27,-0.286179883947451,0.661,0.799,4.66598122245446e-23
"Ssbp4",3.56422487635812e-27,-0.27349139317767,0.615,0.775,5.25937022755404e-23
"Dock9",4.39959238143391e-27,-0.255976713017076,0.594,0.757,6.49203851804388e-23
"Rims2",5.12255898831807e-27,-0.289704319027952,0.604,0.761,7.55884804316215e-23
"4930430F08Rik",5.48689646429271e-27,-0.254376822326746,0.155,0.282,8.09646442271032e-23
"Adgrl1",5.49247519749665e-27,0.357260778519926,0.687,0.659,8.10469640142605e-23
"Ube2i",5.57830879622808e-27,-0.265049097021033,0.214,0.357,8.23135245971416e-23
"Kifc2",5.98974903806745e-27,-0.266692813514964,0.539,0.718,8.83847368057233e-23
"Trip11",6.11475678162494e-27,0.362490317936302,0.675,0.644,9.02293510696577e-23
"Ap4m1",6.12723066455897e-27,-0.263099924013844,0.234,0.385,9.04134156862322e-23
"Chchd2",6.25537549734791e-27,-0.259837250917001,0.222,0.371,9.23043208388657e-23
"Bclaf1",7.32721052497154e-27,0.316556550512525,0.833,0.838,1.0812031850648e-22
"Tmeff2",7.88845748381269e-27,-0.326704686570874,0.134,0.253,1.1640207863114e-22
"Zeb1",9.48496361161593e-27,0.420396673519136,0.343,0.246,1.39960123053005e-22
"Ogfrl1",9.85007051776847e-27,-0.260604801207671,0.32,0.487,1.45347640560191e-22
"Rlf",1.01744900431989e-26,-0.265228034738946,0.48,0.654,1.50134775077443e-22
"Myl6",1.0469820885019e-26,-0.259297426346193,0.459,0.646,1.5449267697934e-22
"Cstf2",1.07802758069774e-26,0.437419637127719,0.508,0.447,1.59073749807758e-22
"Shisa7",1.4075584492688e-26,0.470975917554135,0.452,0.374,2.07699324774105e-22
"Gpm6a",1.49251249910575e-26,0.374834045112562,0.594,0.55,2.20235144368044e-22
"Clmn",1.60508566875348e-26,0.322518351101142,0.838,0.833,2.36846441281263e-22
"Htt",2.20342026443886e-26,0.39281764860928,0.637,0.594,3.25136694220599e-22
"Atp5l",2.28885144589897e-26,-0.256296027762421,0.385,0.568,3.37742919356852e-22
"Gtpbp2",3.68833870281682e-26,-0.255175447180444,0.494,0.673,5.4425125898765e-22
"Nufip2",3.99290371845659e-26,0.424488535521239,0.579,0.545,5.89192872695454e-22
"Kif5a",4.27985628072008e-26,-0.251310478121307,0.369,0.536,6.31535592783055e-22
"Arhgap44",4.68533006837187e-26,0.475232240127342,0.375,0.284,6.91367304888954e-22
"Slc24a4",5.73570161210269e-26,0.441268898600267,0.293,0.197,8.46360129881873e-22
"Rbm26",5.99636545131048e-26,0.291995110834597,0.82,0.824,8.84823685995374e-22
"Bdnf",6.85174905188818e-26,0.478539171630134,0.322,0.22,1.01104409009662e-21
"Haghl",8.38705514920403e-26,-0.254931341034921,0.29,0.45,1.23759385781655e-21
"Celf1",8.59573273167289e-26,0.351484625187571,0.743,0.733,1.26838632188565e-21
"Cpne4",9.87949251857493e-26,0.302522696532986,0.896,0.864,1.45781791604092e-21
"Gba2",1.57562362291571e-25,0.489794909060223,0.491,0.431,2.32499021797441e-21
"Rprd1a",1.76236183480751e-25,0.434019813629232,0.519,0.455,2.60054112344196e-21
"Pdhb",2.00427134689758e-25,-0.259864398859268,0.397,0.564,2.95750279948207e-21
"Pwwp2a",2.05726238215824e-25,0.409659076367753,0.61,0.596,3.0356963711127e-21
"Kmt2c",2.3698244213084e-25,0.37342903104382,0.632,0.6,3.49691291608267e-21
"Ash1l",2.40428587473329e-25,0.318893976699206,0.753,0.756,3.54776423675644e-21
"Cox5a",2.76578652789779e-25,-0.259035403960068,0.18,0.309,4.08119460056597e-21
"Stxbp5",2.76623261201546e-25,0.408111034832756,0.535,0.483,4.08185284229002e-21
"Pcdh1",3.887887453034e-25,0.402116414703425,0.57,0.526,5.73696672569697e-21
"Hdgfl2",4.0210661193859e-25,-0.254674397236655,0.195,0.33,5.93348516576583e-21
"Pgap1",4.2869146645976e-25,0.463558204379304,0.306,0.214,6.32577127908022e-21
"Epb41l3",4.35723641682172e-25,-0.284729350018032,0.262,0.411,6.42953805666213e-21
"Idh3b",4.42238160881014e-25,-0.259674229601871,0.466,0.633,6.52566630196024e-21
"Fry",4.99554162404514e-25,0.269192376644425,0.865,0.875,7.371421220441e-21
"Brinp2",5.45987904331275e-25,0.265475535626921,0.897,0.894,8.0565975163123e-21
"Tial1",6.67905548078189e-25,0.373290404686049,0.601,0.561,9.85561426744175e-21
"Lix1",6.70066293222459e-25,-0.253806864413018,0.169,0.293,9.88749822279061e-21
"Lgi1",1.04496976785153e-24,-0.251138629847246,0.729,0.851,1.54195738944172e-20
"Tardbp",1.06833834456226e-24,0.323380778617433,0.716,0.704,1.57644006123607e-20
"Strn4",1.54543554703456e-24,-0.253148403224367,0.399,0.572,2.28044469320419e-20
"Atp11a",1.63719433060775e-24,0.440726195106435,0.308,0.216,2.4158439542448e-20
"Strbp",2.08328720417839e-24,0.301983282910316,0.778,0.762,3.07409859848563e-20
"Calm1",2.24030047344623e-24,0.305458068352759,0.862,0.898,3.30578737861725e-20
"Drap1",2.493187610344e-24,0.439767312726046,0.528,0.479,3.67894763782361e-20
"Crebbp",2.50459636883557e-24,0.413057442158615,0.522,0.466,3.69578240185377e-20
"Rps27",3.83333056745231e-24,-0.290041266345738,0.255,0.396,5.65646258533263e-20
"Ppia",4.9106265142765e-24,-0.279816024339718,0.527,0.702,7.2461204844664e-20
"Chd2",4.94565523192538e-24,0.438343454993665,0.547,0.507,7.29780886022909e-20
"Senp7",4.95208378117239e-24,0.382780624367423,0.564,0.517,7.30729482749798e-20
"Mast3",5.5168223623891e-24,-0.279655708435968,0.497,0.645,8.14062307794136e-20
"Kcnv1",5.98406872725553e-24,0.44082675897229,0.314,0.223,8.83009181393826e-20
"Plxna2",7.23965165626173e-24,0.438916296208463,0.48,0.416,1.06828299839798e-19
"Kcnmb4",7.39692180307946e-24,0.452993650947913,0.362,0.277,1.09148978126241e-19
"Tsc22d4",7.41812759407856e-24,-0.269907912138243,0.145,0.259,1.09461890778223e-19
"Cdh11",7.89694822961932e-24,0.411813549255228,0.605,0.58,1.16527368076263e-19
"Myh10",1.04574013133463e-23,0.447592530725984,0.413,0.336,1.54309413779739e-19
"Aplp2",1.05050812649415e-23,0.334106981375748,0.665,0.645,1.55012979145477e-19
"Usp34",1.15850403991667e-23,0.293352045837759,0.816,0.829,1.70948856130104e-19
"Celsr2",1.17098535987433e-23,0.434837229759174,0.427,0.351,1.72790599703056e-19
"Smg1",1.26884067774702e-23,0.372439575321995,0.65,0.643,1.8723013040835e-19
"Lingo3",1.61417052905526e-23,0.451905323885559,0.352,0.268,2.38187003267395e-19
"Dhx36",1.74981899139838e-23,0.326346594606923,0.714,0.706,2.58203290370745e-19
"Pde1a",2.34265940322203e-23,-0.260330026996415,0.343,0.504,3.45682821539443e-19
"Setd5",2.76463896597712e-23,0.36295261375545,0.592,0.56,4.07950125819584e-19
"Ablim1",3.1934702297105e-23,-0.26671165684176,0.576,0.725,4.71228467096081e-19
"Hmgn3",5.33663373806991e-23,0.350838474242614,0.698,0.681,7.87473674389596e-19
"Srsf1",5.54640355462361e-23,0.369050095736358,0.557,0.506,8.1842730852026e-19
"Fam135b",5.65372125038934e-23,0.453066286480482,0.422,0.352,8.34263107707451e-19
"Neurod6",6.83860005526669e-23,-0.253897006914106,0.599,0.757,1.00910382415515e-18
"Slc25a4",8.29662944830039e-23,-0.25801000158805,0.471,0.646,1.22425064139121e-18
"Cacna1h",8.79111666499838e-23,0.410868402245008,0.577,0.545,1.29721717508716e-18
"Ncoa1",9.60799273707087e-23,0.41506389412889,0.48,0.415,1.41775540828218e-18
"Hnrnpa3",1.13504714944206e-22,0.378131646907625,0.563,0.529,1.6748755737167e-18
"Med13",1.2752867830463e-22,0.407581516485103,0.452,0.384,1.88181317706312e-18
"Phf20",1.35056182912275e-22,-0.25960073612855,0.487,0.662,1.99288903505353e-18
"Spock2",2.7609927341939e-22,-0.273331574457784,0.333,0.487,4.07412087857653e-18
"Kmt2e",2.76883678564254e-22,0.333817756222787,0.728,0.719,4.08569556089414e-18
"Ttyh1",3.68242309529283e-22,0.325231334038846,0.323,0.231,5.4337835194141e-18
"Frmd4a",3.8793896999893e-22,-0.26175932737814,0.614,0.766,5.72442744130421e-18
"Ccdc30",4.00198144303678e-22,0.357291661130811,0.609,0.58,5.90532381734507e-18
"Prrc2c",4.51722487210463e-22,0.313934137085394,0.736,0.747,6.66561702127759e-18
"Zmynd11",4.59509496561617e-22,0.33948008786768,0.687,0.68,6.78052213126322e-18
"Nsf",5.32058088834554e-22,0.285219554267364,0.831,0.845,7.85104915884269e-18
"Kmt2d",6.69210758407901e-22,0.424755784565404,0.382,0.304,9.87487395106699e-18
"Ptma",8.61416335950748e-22,0.421038340171876,0.387,0.307,1.27110594532892e-17
"Dscam",9.03293410168245e-22,0.442812176299137,0.396,0.324,1.33289975604426e-17
"Zfp266",1.9054051786263e-21,-0.257028373143194,0.556,0.716,2.81161588158097e-17
"Syt4",2.64873906249519e-21,0.430211569402007,0.313,0.229,3.9084793606179e-17
"Herc1",2.85193890709029e-21,0.270600494554065,0.819,0.832,4.20832105130242e-17
"Cdk5r1",5.9550275174676e-21,0.425972280249269,0.362,0.284,8.78723860477519e-17
"Olfml2b",8.30670287298651e-21,0.415358370653755,0.39,0.316,1.22573707593789e-16
"Csde1",8.48380148559615e-21,0.394949372155198,0.522,0.483,1.25186974721457e-16
"Xpo1",8.51831483001789e-21,0.426766775110638,0.311,0.231,1.25696253631744e-16
"Tsga10",9.37682470224575e-21,0.457406617343238,0.418,0.359,1.38364425306338e-16
"Usp9x",1.12434634342681e-20,0.385707154205197,0.464,0.404,1.6590854643606e-16
"Atp11b",1.50398085839249e-20,0.265295085071247,0.811,0.818,2.21927415464396e-16
"Ncl",2.41918347964158e-20,0.371671533643595,0.553,0.513,3.56974714255911e-16
"Ubr2",2.87060408231259e-20,0.346005572296004,0.554,0.514,4.23586338386046e-16
"Plbd2",3.57891199429424e-20,0.427934160787517,0.354,0.279,5.28104253878058e-16
"Rasa1",4.90151576226155e-20,0.416065415696485,0.316,0.242,7.23267665879314e-16
"Rev3l",5.32257160165425e-20,0.331775403435051,0.644,0.632,7.85398665540102e-16
"Hmbox1",8.01825587418325e-20,0.38752142628035,0.508,0.463,1.18317383679448e-15
"Lrrn2",9.60085070180296e-20,0.409082090477467,0.491,0.449,1.41670152955805e-15
"Pde7a",9.81430869668367e-20,0.404782330891399,0.339,0.26,1.44819939128264e-15
"Slc25a3",1.67979764182782e-19,0.286714144768214,0.708,0.698,2.47870940028114e-15
"mt-Nd1",1.68199553070777e-19,0.388350659408107,0.378,0.297,2.48195260511239e-15
"Matr3",1.7354602434838e-19,0.366853994305059,0.588,0.573,2.56084513528469e-15
"Rabgap1l",1.74383672833403e-19,-0.259056174885191,0.624,0.754,2.57320547632969e-15
"Hnrnph3",1.78111839837867e-19,0.40469068960568,0.334,0.259,2.62821830864757e-15
"S100pbp",1.81356376432333e-19,0.408852854123512,0.308,0.231,2.6760946906355e-15
"Calr",2.47362223387048e-19,0.419871591321236,0.454,0.405,3.65007696829928e-15
"Abl2",3.66463934768279e-19,0.375010127904888,0.528,0.481,5.40754182144073e-15
"Phip",5.03484562304203e-19,0.358712329300002,0.65,0.64,7.42941820136082e-15
"Rev1",6.87782799951961e-19,0.336728627675985,0.627,0.613,1.01489229960911e-14
"Sntb2",8.5181877599643e-19,0.409988438049995,0.325,0.246,1.25694378586033e-14
"Rnf150",8.63310651215989e-19,0.409760591249273,0.42,0.358,1.27390119693431e-14
"Nfat5",9.2920867004629e-19,0.255897183125684,0.845,0.866,1.37114031352031e-14
"Shank2",1.03488291585951e-18,0.350213593074144,0.518,0.472,1.5270732306423e-14
"Psap",1.23959277979039e-18,0.356045420286157,0.535,0.505,1.8291431058587e-14
"Sec62",1.34314996026645e-18,0.379180978696265,0.568,0.535,1.98195208136918e-14
"Gabrg2",1.50750660685355e-18,0.348133420281069,0.593,0.572,2.22447674907309e-14
"Robo1",1.61000119956836e-18,0.399624921277479,0.445,0.391,2.37571777008308e-14
"Ttll7",1.64971389509319e-18,-0.260995755934991,0.469,0.626,2.43431782359952e-14
"Cep170",1.6964927394377e-18,0.400952780420359,0.426,0.37,2.50334468631427e-14
"Galnt11",1.84157518283308e-18,0.319067365662694,0.687,0.695,2.71742833978849e-14
"Ncald",2.07145242296654e-18,0.340091385415922,0.473,0.407,3.05663519532943e-14
"Tspan7",2.29337921632638e-18,0.38899071797631,0.363,0.293,3.38411037161121e-14
"Usp15",2.53670021691267e-18,0.332987541580591,0.583,0.566,3.74315484007634e-14
"Ppp2r5a",2.89744230659568e-18,0.395775846601759,0.267,0.193,4.27546586761258e-14
"Scd2",3.04740457380703e-18,-0.320943412996368,0.152,0.255,4.49675018910966e-14
"Dzip1",3.267064402443e-18,0.376324590527725,0.436,0.378,4.82088023224488e-14
"Mef2d",3.70758059814224e-18,0.417975586446529,0.336,0.265,5.4709059306187e-14
"Map3k4",4.44768739185258e-18,0.414370400327888,0.393,0.33,6.56300751541767e-14
"Eif4a2",6.24731291370127e-18,0.348027722661892,0.48,0.431,9.21853493545759e-14
"Fam49a",6.78978067158432e-18,0.363441431482563,0.435,0.376,1.00190003589898e-13
"Skil",8.27608593113249e-18,0.388372023620286,0.482,0.435,1.22121923999791e-13
"Lats2",9.17548882251047e-18,0.380305962723044,0.25,0.174,1.35393513064964e-13
"Neto1",1.01969777087202e-17,-0.281930115912124,0.279,0.397,1.50466603069875e-13
"Purb",1.07486213984996e-17,0.335867945879643,0.597,0.578,1.5860665735626e-13
"Zfp638",1.23017775759056e-17,0.278508246621481,0.681,0.677,1.81525029910063e-13
"Birc2",1.35997262719431e-17,0.382417341175365,0.422,0.372,2.00677560868792e-13
"Agbl4",2.09191806179643e-17,0.397272247940265,0.323,0.253,3.08683429198682e-13
"Crtc3",2.16625047637785e-17,0.332141336254089,0.615,0.602,3.19651920294316e-13
"Cers4",2.31573622015544e-17,0.361626229256655,0.491,0.448,3.41710036646137e-13
"Prkar1a",2.39399143698212e-17,0.354818725713507,0.529,0.494,3.53257376441082e-13
"Adamts1",3.19155437283155e-17,0.374608623305844,0.264,0.186,4.70945763255024e-13
"Srsf2",3.64493490490557e-17,0.303111592941928,0.649,0.641,5.37846594567865e-13
"Kif1a",4.32395934924273e-17,0.312999727970277,0.688,0.691,6.38043441574258e-13
"Eif1b",1.34781694603147e-16,0.441441462894502,0.444,0.399,1.98883868556404e-12
"Ccnl1",3.01608343625241e-16,0.281660380539837,0.719,0.742,4.45053271853406e-12
"Sacs",3.14194242746797e-16,0.391121932604352,0.452,0.416,4.63625024597174e-12
"Sv2b",4.69106313604159e-16,0.265954602222813,0.744,0.764,6.92213276354297e-12
"Hspa5",5.41487656057832e-16,0.39138394032518,0.347,0.284,7.99019185278937e-12
"Tafa5",6.3271379446397e-16,0.365380617460043,0.441,0.396,9.33632475111035e-12
"Atp1a1",6.34921458205148e-16,0.380039884766833,0.355,0.292,9.36890103727517e-12
"Cfap69",7.12787406023524e-16,0.403174915905398,0.294,0.23,1.05178909632831e-11
"Stk39",7.80968002779046e-16,0.393371587883574,0.298,0.234,1.15239638490076e-11
"Gphn",9.80529298015507e-16,0.351165596563307,0.465,0.421,1.44686903215168e-11
"Prpf38b",1.55181125788913e-15,0.324139666849826,0.613,0.612,2.28985269214119e-11
"Pigk",1.74393262676813e-15,0.410951993647173,0.414,0.366,2.57334698405905e-11
"Homer1",1.86087203329394e-15,0.31109745442781,0.581,0.558,2.74590277232854e-11
"Gpr85",1.95162809648712e-15,0.38077314514511,0.457,0.416,2.8798224191764e-11
"Lrp8",2.03283846476255e-15,0.351337936856208,0.52,0.492,2.99965643860362e-11
"Dusp3",2.31497608285573e-15,0.365013860270815,0.402,0.347,3.41597870786191e-11
"Laptm4a",2.57775487083127e-15,0.351526029469,0.35,0.288,3.80373508739862e-11
"Chrd",2.88417612597325e-15,0.369836643758148,0.503,0.488,4.25589029148613e-11
"Bptf",3.62164181440023e-15,0.262944898863864,0.681,0.687,5.34409466132899e-11
"Pkd2",3.87910678147146e-15,0.385938241724918,0.402,0.351,5.72400996673928e-11
"Tnrc18",4.68309829372742e-15,0.360536910754097,0.291,0.224,6.91037984222418e-11
"Enox1",5.85467181497442e-15,0.312215537316174,0.623,0.618,8.63915373017626e-11
"Tmem161b",6.86708663674653e-15,0.357765832115128,0.341,0.279,1.01330730411832e-10
"Ptk2",6.91157981300671e-15,0.319813959586784,0.552,0.539,1.01987271720727e-10
"Prrc2b",9.03403328246579e-15,0.349002391674035,0.413,0.358,1.33306195116065e-10
"Slc16a7",1.0337686318722e-14,0.360266744660441,0.26,0.192,1.52542899319061e-10
"Vmp1",1.15184255308278e-14,0.345435211347614,0.367,0.309,1.69965887132895e-10
"App",1.56277684679183e-14,0.273990707077748,0.634,0.646,2.30603351512602e-10
"Ranbp2",1.58683468042545e-14,0.32826798333319,0.471,0.446,2.3415332544358e-10
"Mib1",1.98826890037561e-14,0.331521693807819,0.483,0.448,2.93388958939425e-10
"Relch",2.53941279378894e-14,0.329622844658323,0.498,0.472,3.74715751851496e-10
"Flrt2",2.87739112493039e-14,0.340744252442647,0.455,0.412,4.24587834394729e-10
"Smg7",3.22345312012025e-14,0.367243073054972,0.282,0.221,4.75652742404944e-10
"Cop1",3.55319278472087e-14,0.332679340934099,0.456,0.413,5.24309127313412e-10
"Fam76b",3.76625588849982e-14,0.376617722321122,0.422,0.385,5.55748718907033e-10
"Otud4",4.17180157654657e-14,0.376903817665287,0.356,0.306,6.15591040635212e-10
"Araf",4.96480910542024e-14,0.353653884267769,0.341,0.281,7.32607231595811e-10
"Cacna2d1",5.10429877148272e-14,0.343228046674896,0.443,0.401,7.53190326719991e-10
"Sptbn2",5.16944894166156e-14,0.290835913227341,0.577,0.566,7.6280388583158e-10
"Kcnb1",5.94377424916984e-14,0.350724468773312,0.384,0.332,8.77063328207501e-10
"Dync2h1",6.41907308628538e-14,0.353788716779413,0.451,0.412,9.47198424612271e-10
"Srsf6",7.73556053169567e-14,0.356736458974699,0.411,0.369,1.14145931205701e-09
"Mcu",8.52781372364967e-14,0.350301994650584,0.445,0.409,1.25836419306175e-09
"Erc1",9.57663514687453e-14,0.285392401240016,0.659,0.651,1.41312828227281e-09
"Slc4a7",1.48806472910168e-13,0.290190680475387,0.767,0.794,2.19578831426244e-09
"Maged1",1.51711008137554e-13,0.362810602516431,0.438,0.399,2.23864763607774e-09
"Cyfip2",1.74473006044935e-13,0.315624451966939,0.559,0.557,2.57452367719905e-09
"Hmgcr",1.87118907737491e-13,0.298637158727665,0.563,0.538,2.76112660257442e-09
"Ythdc2",2.10178924579045e-13,0.325168606385036,0.478,0.445,3.10140021108838e-09
"Tmem132b",2.17483299936444e-13,0.346024278254484,0.313,0.254,3.20918357386217e-09
"Zfp62",2.25180853501385e-13,0.32836292453641,0.286,0.226,3.32276867426644e-09
"Baz1b",2.40407581430122e-13,0.29810980654032,0.514,0.488,3.54745427158288e-09
"Npas4",2.47106644891159e-13,0.387315765792843,0.295,0.235,3.64630565201394e-09
"Bmpr2",2.54349431650029e-13,0.340513738819338,0.343,0.29,3.75318021342783e-09
"Ddx6",2.63201218129723e-13,0.333973811206724,0.342,0.286,3.88379717472219e-09
"Atrnl1",3.27431763156187e-13,0.329238433230911,0.277,0.217,4.83158309713269e-09
"Nup93",3.37000114996893e-13,0.341917111279011,0.414,0.369,4.97277369689415e-09
"Frrs1l",4.14581794223697e-13,0.309091464517726,0.624,0.631,6.11756895556488e-09
"Rfx3",4.21674188238857e-13,0.294465044696976,0.456,0.414,6.22222432165257e-09
"Slc8a2",4.38788241351247e-13,0.321599901031738,0.265,0.205,6.47475928937899e-09
"Sh3gl1",4.4640378450211e-13,0.308202906499549,0.687,0.695,6.58713424411314e-09
"Brwd1",5.36271889252854e-13,0.293606259076159,0.588,0.588,7.91322799781511e-09
"Dync1h1",6.6847742251686e-13,0.299933693664974,0.607,0.622,9.86405284665879e-09
"Unc79",7.53546888827363e-13,0.320036062016076,0.504,0.477,1.11193378915366e-08
"Mbnl1",7.97943964594227e-13,0.35921308026636,0.383,0.337,1.17744611415524e-08
"Akap11",8.16805455945322e-13,0.329745667343078,0.491,0.467,1.20527813079292e-08
"Ppp3cb",1.01444794330114e-12,0.315937228119518,0.551,0.544,1.49691938513517e-08
"Hnrnpul2",1.06493891926731e-12,0.341768749059946,0.315,0.26,1.57142386927084e-08
"Septin4",1.0707335203024e-12,-0.251979432394411,0.198,0.291,1.57997438255823e-08
"Ppp6r2",1.072485257918e-12,0.335841638655093,0.382,0.337,1.58255924658379e-08
"Tmem131",1.0757251638717e-12,0.35222136763001,0.404,0.36,1.58734005180909e-08
"Pip5k1b",1.39026975230828e-12,0.316088529925034,0.476,0.438,2.0514820465061e-08
"Ice1",1.75493690758827e-12,0.254689902917843,0.743,0.767,2.58958490083725e-08
"Cep83",1.81241496899955e-12,0.368241275340844,0.418,0.383,2.67439952825574e-08
"Adcy9",2.62650265828477e-12,0.277276731364176,0.649,0.656,3.87566732256501e-08
"Zdhhc17",2.79404299285457e-12,0.323264612831828,0.316,0.261,4.1228898402562e-08
"Slitrk4",2.95032922061409e-12,0.348194588759006,0.455,0.421,4.35350579793816e-08
"Ppm1a",3.12020562062872e-12,0.328192677194825,0.455,0.421,4.60417541379974e-08
"Cap2",3.36669628794038e-12,0.328206508586534,0.439,0.403,4.96789704248483e-08
"Lmo3",4.60972188571238e-12,0.349496427279281,0.257,0.2,6.80210561455719e-08
"Ywhaz",4.74976536079164e-12,0.294492630216118,0.494,0.473,7.00875376638415e-08
"Me3",4.99185508024375e-12,0.285124746249693,0.621,0.627,7.36598135640768e-08
"Cpsf7",5.79780576278114e-12,0.305505189777753,0.419,0.377,8.55524218355985e-08
"Tanc2",6.10420908709218e-12,0.277550420148168,0.616,0.631,9.00737092891323e-08
"Elavl4",6.12537501641565e-12,0.354487881000498,0.306,0.252,9.03860337422294e-08
"Ppfia3",6.37458847295259e-12,0.330950965126836,0.385,0.344,9.40634275068884e-08
"Nfix",6.73838466995204e-12,0.303818294099805,0.515,0.499,9.94316041898124e-08
"Ctxn1",8.71281244833243e-12,0.343374748348737,0.362,0.319,1.28566260487593e-07
"Psip1",9.70588604701143e-12,0.260324997808129,0.691,0.713,1.43220054509701e-07
"Dscaml1",1.07560653739602e-11,0.32711513137358,0.321,0.268,1.58716500658157e-07
"Fam120a",1.72069231261554e-11,0.321064515171426,0.429,0.397,2.5390535764955e-07
"Pde4dip",2.21056719957845e-11,0.272711835919262,0.672,0.682,3.26191295969797e-07
"Canx",2.22188260131844e-11,0.301952839620343,0.295,0.243,3.27860996650549e-07
"Aftph",2.27315583566187e-11,0.310607679548142,0.343,0.293,3.35426875110265e-07
"Eif4g1",2.4389352499047e-11,0.318476065042804,0.496,0.479,3.59889285475937e-07
"Git2",2.63226954449277e-11,0.305589209478718,0.533,0.526,3.88417693985353e-07
"Nsmaf",3.19618604957458e-11,0.322619073993343,0.398,0.367,4.71629213475225e-07
"Ubl3",3.23595296183387e-11,0.289511077775308,0.539,0.534,4.77497219048206e-07
"Smarcad1",3.49061099178323e-11,0.322291485675065,0.417,0.388,5.15074557947533e-07
"Tmem30a",3.5159197873353e-11,0.31281526531732,0.334,0.287,5.18809123819197e-07
"Hdgfl3",3.64166425353613e-11,0.314594803604637,0.422,0.389,5.37363977251792e-07
"Ar",4.51778403061515e-11,0.360187576491576,0.283,0.229,6.66644211557571e-07
"Il16",4.53673152716918e-11,0.341608427000072,0.342,0.298,6.69440104149085e-07
"Lzts1",6.41507214022853e-11,0.319533572536743,0.283,0.231,9.46608045012122e-07
"Bicdl1",6.58152536095399e-11,0.319786823551996,0.267,0.216,9.71169882262371e-07
"Prpf39",7.80649140432709e-11,0.269295812828818,0.585,0.591,1.15192587162251e-06
"Vps13b",8.46781657133282e-11,0.311241259268026,0.41,0.378,1.24951101326587e-06
"Pds5b",1.05301338216096e-10,0.322293252296065,0.351,0.309,1.55382654671671e-06
"Myo6",1.16772413434441e-10,0.253178943239359,0.613,0.626,1.72309373263861e-06
"Ubn1",1.25663046959042e-10,0.319762382646632,0.394,0.358,1.85428392092762e-06
"Tmem151b",1.30049513443473e-10,0.329192246621679,0.307,0.26,1.91901062037189e-06
"Strn3",1.56702711624928e-10,0.250687369406347,0.655,0.671,2.31230521273743e-06
"Ryr1",1.59488615307752e-10,0.317488246365214,0.498,0.476,2.35341400748118e-06
"Eml6",1.65633428626215e-10,0.330671505677119,0.325,0.281,2.44408687280842e-06
"Zbtb37",1.71910001532168e-10,0.310699656268823,0.259,0.207,2.53670398260868e-06
"Trpm4",1.79158320370616e-10,0.356146147076,0.272,0.224,2.64366017538881e-06
"Asap1",1.89723618627525e-10,0.346051999487164,0.282,0.232,2.79956171646776e-06
"Mecp2",2.1362978083229e-10,0.318486224417681,0.318,0.272,3.15232104596127e-06
"Sik3",2.64599966445125e-10,0.304195460255074,0.337,0.295,3.90443710486427e-06
"Cep350",2.6796781830306e-10,0.298508289619174,0.484,0.468,3.95413312687995e-06
"Pspc1",2.84302464562552e-10,0.289899253523797,0.345,0.301,4.19516716708502e-06
"Clstn2",3.2225822963867e-10,0.309201694819085,0.455,0.439,4.75524243654821e-06
"Rnf111",5.19336010019914e-10,0.289285638969506,0.484,0.475,7.66332216385385e-06
"Vldlr",5.20062944937426e-10,0.301026907877761,0.288,0.243,7.67404881549665e-06
"Sh3d19",5.55295420834813e-10,0.305819956536899,0.277,0.23,8.1939392298385e-06
"Pan3",6.21192522547528e-10,0.267559441748066,0.485,0.469,9.16631686271132e-06
"Hnrnpk",7.45090069000299e-10,0.290864424657569,0.396,0.365,1.09945490581684e-05
"Herc3",7.53702712128866e-10,0.298378509617912,0.289,0.246,1.11216372201735e-05
"Tspan5",8.23321596392793e-10,0.302833788927382,0.361,0.323,1.21489334763721e-05
"Zmym2",9.15777244629195e-10,0.288867607801561,0.365,0.325,1.35132090217484e-05
"Erlec1",1.17650464604952e-09,0.288313305451611,0.358,0.321,1.73605025571067e-05
"Myo1b",1.26224682487995e-09,0.373652598472704,0.318,0.282,1.86257141479286e-05
"Cyld",1.63853597371116e-09,0.293259000580089,0.429,0.406,2.41782368280818e-05
"Ptprj",1.66337301856407e-09,0.301381549180723,0.381,0.351,2.45447322619314e-05
"Trip12",1.75991179146709e-09,0.260338770666622,0.509,0.506,2.59692583948883e-05
"Usp47",1.98630493377838e-09,0.277023835967042,0.293,0.246,2.93099156028337e-05
"Fam227a",2.01511459986794e-09,0.312774578244912,0.273,0.227,2.97350310356513e-05
"Epc2",2.20409270500266e-09,0.309471798994605,0.29,0.248,3.25235919550192e-05
"Cers6",2.20434745439235e-09,0.281528919713962,0.455,0.438,3.25273510370136e-05
"Zscan26",3.00224010101706e-09,0.321272112887885,0.36,0.324,4.43010549306077e-05
"Ppp4r3a",3.14385597871929e-09,0.270967882066207,0.372,0.339,4.63907388219819e-05
"Smarca5",3.46669474308599e-09,0.300555293012472,0.395,0.364,5.11545476289769e-05
"Cacnb4",3.64602153683721e-09,0.335279901042756,0.346,0.31,5.38006937975698e-05
"Dixdc1",4.39050999710582e-09,0.320552874751361,0.471,0.457,6.47863655172935e-05
"Chrm1",4.70551028246426e-09,0.313737453285403,0.299,0.259,6.94345097280426e-05
"Baz2b",5.37232856643455e-09,0.306417120086647,0.368,0.337,7.92740803263083e-05
"D130043K22Rik",5.46315785916575e-09,0.358377757480648,0.291,0.254,8.06143573698498e-05
"Clcn4",5.99307961068321e-09,0.299505304190815,0.393,0.363,8.84338827352414e-05
"Tm9sf3",6.155693932138e-09,0.317590189325005,0.307,0.27,9.08334196626283e-05
"Myo9a",6.37446690432823e-09,0.285691091305929,0.544,0.561,9.40616336402673e-05
"Camkk1",7.33294602311601e-09,0.321756143448105,0.285,0.244,0.0001082049515171
"Fbxl16",7.83886538028774e-09,0.306949217457282,0.344,0.312,0.000115670297551526
"Itm2b",7.83996791419493e-09,0.271262575572802,0.469,0.461,0.00011568656654186
"Igsf8",1.02245855572853e-08,0.299170714991883,0.27,0.228,0.000150873984483302
"Smap1",1.061580185492e-08,0.289291245841916,0.375,0.35,0.0001566467721712
"Rapgef2",1.78392028904108e-08,0.255409220799306,0.425,0.404,0.000263235277850902
"Agap1",1.90303007982961e-08,0.285760453708032,0.281,0.239,0.000280811118579658
"Marchf6",2.01994517038842e-08,0.263870302360299,0.273,0.231,0.000298063109342515
"Pcdh20",2.03852632209097e-08,0.314504882557829,0.37,0.346,0.000300804944087744
"Dhx15",2.50671303935641e-08,0.294820793059784,0.352,0.323,0.000369890576087432
"Fnbp4",2.51869578895511e-08,0.258837861288305,0.483,0.477,0.000371658750618216
"Man2a2",2.81657699700868e-08,0.253146679153384,0.506,0.499,0.000415614101678601
"Eif3c",2.84733237557061e-08,0.282263135382573,0.39,0.366,0.000420152365339199
"Ankhd1",2.99544431405245e-08,0.274326764727154,0.437,0.422,0.000442007762981579
"Arnt",3.00709668060534e-08,0.277459842804698,0.267,0.223,0.000443727186190125
"Cnot7",3.04660027732376e-08,0.279831752597358,0.371,0.348,0.000449556336921894
"Mark1",3.15900129369888e-08,0.304539987009251,0.348,0.315,0.000466142230898207
"Larp4",3.39390970555793e-08,0.280968436979763,0.451,0.435,0.000500805316152128
"Cd47",3.56607960398917e-08,0.280782663191036,0.441,0.424,0.000526210706364641
"Ppp4r2",3.58331884113775e-08,0.275931448756516,0.287,0.248,0.000528754528198286
"Stxbp1",3.93651614021742e-08,0.29283967165695,0.531,0.545,0.000580872321650483
"Ppip5k1",3.97924675894669e-08,0.264600711944709,0.492,0.487,0.000587177651750174
"Fbxo11",4.65454064509638e-08,0.287982026090668,0.28,0.238,0.000686824017590422
"Bdp1",5.37700990554259e-08,0.276612473081744,0.47,0.464,0.000793431581661864
"Ptprn2",5.39542746758987e-08,0.267631063766025,0.47,0.466,0.000796149277117561
"Dock7",5.69856196185395e-08,0.280983054308622,0.289,0.253,0.000840879803091168
"Sez6l",6.36204007046914e-08,0.270869773977151,0.305,0.266,0.000938782632798426
"Zfp385b",6.45004421700252e-08,0.262736773671976,0.323,0.286,0.000951768524660891
"Wsb1",7.2281669462142e-08,0.266520111971714,0.454,0.447,0.00106658831458337
"Adam22",7.34214182867003e-08,0.279523921895812,0.389,0.37,0.00108340644823855
"Purg",1.01337820541649e-07,0.266427953532167,0.301,0.266,0.00149534087991257
"Ptbp2",1.62706822106325e-07,0.266738101164913,0.353,0.325,0.00240090186700094
"Mthfr",1.73497335091324e-07,0.285262581923534,0.267,0.232,0.00256012667660757
"C1qtnf4",1.83730498377513e-07,0.281528618756594,0.46,0.45,0.00271112723405859
"Myrip",2.08017486568766e-07,0.281013726722502,0.308,0.274,0.00306950603180871
"Hipk2",2.12667093059084e-07,0.270668370567886,0.3,0.266,0.00313811562517985
"Acvr2a",2.33980415000896e-07,0.273755155116638,0.428,0.415,0.00345261500375323
"Aph1b",3.03126204273814e-07,0.280719293940595,0.322,0.293,0.0044729302702644
"Acsl1",3.51963518739506e-07,0.257061926390635,0.478,0.472,0.00519357368252015
"Ccdc39",4.04162824979789e-07,0.265443495129295,0.459,0.456,0.00596382664540177
"Peli1",4.15516402160833e-07,0.277127098988023,0.419,0.401,0.00613136003028525
"Wac",4.25078822575025e-07,0.268411980530347,0.437,0.432,0.00627246310591706
"Glg1",4.33722411431891e-07,0.256862280031368,0.414,0.403,0.00640000790308898
"Fezf2",4.37026632189492e-07,0.274929253238226,0.262,0.227,0.00644876498458814
"Zfp869",4.60276642443231e-07,0.284336280038362,0.32,0.292,0.00679184213589232
"Gda",4.69296246150246e-07,0.297745753155467,0.402,0.39,0.00692493540819303
"Ift88",5.52290909172924e-07,0.271888914772113,0.34,0.314,0.00814960465575566
"Apba2",5.80312392561166e-07,0.269623021246681,0.361,0.337,0.00856308966463256
"Myo5a",6.2007616595362e-07,0.255067745090966,0.393,0.373,0.00914984390481162
"Fcho2",6.75933360823184e-07,0.270475042170714,0.387,0.367,0.00997407267230691
"Hacd3",7.08323577931175e-07,0.271551607375515,0.29,0.258,0.0104520227159524
"Smc5",7.98722525490938e-07,0.268764186873244,0.301,0.273,0.0117859495861443
"Agfg1",9.49605602481489e-07,0.266497382054551,0.293,0.264,0.0140123802702169
"Nhsl2",9.81444152999803e-07,0.278296979493137,0.36,0.337,0.0144821899216651
"Lnpep",1.35378716886945e-06,0.259981446393251,0.391,0.376,0.0199764834638376
"Synpo",1.41016797511716e-06,0.267289507789883,0.253,0.219,0.0208084386408287
"Trrap",1.70518137351988e-06,0.267078106471297,0.461,0.466,0.0251616563476593
"Kdm6b",1.97799126159939e-06,0.259052053326712,0.314,0.287,0.0291872390561606
"Ago2",2.076482330309e-06,0.282501217300392,0.377,0.363,0.0306405732660397
"Ptprg",2.13533658604136e-06,0.294004939852454,0.376,0.368,0.0315090266636263
"Fam131a",2.33411639875978e-06,0.265464137408412,0.463,0.464,0.0344422215800993
"Gpr26",2.55402695763197e-06,0.26576419830337,0.323,0.302,0.0376872217868173
"Zbtb11",2.8028315987995e-06,0.262553287028871,0.309,0.283,0.0413585830718855
"Spen",2.98071898059172e-06,0.29440899231265,0.346,0.327,0.0439834892776114
"Trim33",3.21878616257922e-06,0.265362727265574,0.298,0.271,0.047496408615019
"Trp53bp1",3.26560158700862e-06,0.251598641827314,0.424,0.425,0.0481872170178992
"Nucks1",3.34395043875017e-06,0.259980160856758,0.315,0.288,0.0493433326741975
"Ddx3x",3.93800228644176e-06,0.254224899683164,0.332,0.308,0.0581091617387346
"Rsbn1",4.26834917732044e-06,0.252924674138129,0.323,0.298,0.0629837604605405
"Lcor",4.56550638128181e-06,0.251916021458375,0.329,0.304,0.0673686121621944
"Frmpd3",4.88890336652359e-06,0.292354415360187,0.293,0.268,0.072140658076422
"Tnpo1",4.92114477825074e-06,0.251326750571501,0.285,0.257,0.0726164123478679
"Fto",4.97975302568231e-06,0.27175287410458,0.392,0.382,0.0734812356469682
"Tle1",5.01252720616305e-06,0.267065684747799,0.377,0.367,0.073964851454142
"Ppil2",5.21626378089728e-06,0.268819995473053,0.37,0.356,0.0769711883509202
"B3galnt2",7.00922770032996e-06,0.266699794991179,0.367,0.357,0.103428163946069
"Add3",7.23839760654172e-06,0.259846488400647,0.294,0.27,0.10680979508213
"Brk1",7.2958832610085e-06,0.27051360079678,0.3,0.277,0.107658053399441
"Tnip2",9.97891186498397e-06,0.28060028991169,0.273,0.247,0.147248823479703
"Glt8d1",1.16995201502462e-05,0.250365026990412,0.364,0.353,0.172638119337033
"Tnk2",1.43773075706771e-05,0.257808647911988,0.263,0.238,0.212151550512912
"Creb1",1.70272488540033e-05,0.263469311330366,0.253,0.226,0.251254084089673
"Pcnp",2.42294331006093e-05,0.253056377679461,0.401,0.402,0.357529514832591
"Setd3",2.6224498330233e-05,0.257624534217162,0.25,0.222,0.386968697360918
"Acbd4",2.751029575099e-05,0.283425715592553,0.251,0.227,0.405941924101609
"Ndel1",3.06778507027132e-05,0.253879753345272,0.338,0.324,0.452682364969236
"Setbp1",3.9570272858643e-05,0.26269690576993,0.286,0.268,0.583898946302136
"Ube2q2",6.24273252863657e-05,0.250654275904575,0.288,0.268,0.921177611925612
"Ep400",7.48608710057328e-05,0.25301381431232,0.37,0.367,1
"Slc7a4",0.000209730100796191,0.281274396284914,0.378,0.378,1
"Hirip3",0.000247927517039493,0.258634944694043,0.253,0.236,1
"Septin1",0.000519513856291269,0.272978270927485,0.306,0.3,1
"Cep290",0.00102800841065802,0.264768979933521,0.377,0.383,1
